Workbook

Sheet Experiments
A1: Trial ID | B1: Date | C1: Task ID | D1: Scene Layout | E1: Scenario ID | F1: Scenario | G1: Level | H1: Modifiers | I1: Command Used | J1: Intended Target | K1: Intended Destination | L1: User Intent understood correctly? | M1: Object Detected? | N1: Correct Object Selected? | O1: Grasp Success? | P1: Action Executed Correctly? | Q1: Full Task Success? | R1: Interaction Time (s) | S1: Total Time (s) | T1: Failure Category / Notes | U1: Started by | V1: Understood by | W1: GraspGen in background? | X1: Execution plan | Y1: Plan checked in background? | Z1: Grasp executed | AA1: Command → object handed over (s) | AB1: Waiting for your answers (s) | AC1: Robot time (s) | AD1: Times | AE1: VLA task | AF1: VLA outcome | AG1: Folder | AH1: Viewer | AI1: Video
A2: 086 | B2: 2026-09-28 | D2: Layout A | E2: S1 | F2: S1: Available objects — no physical action | G2: L1 single-step, explicit | I2: What do you see on the table? | U2: voice | AD2: final | AG2: trial_086_LA_S1 | AI2: video
A3: 087 | B3: 2026-09-28 | D3: Layout A | E3: S2 | F3: S2: Object NOT in scene ('give me the book') | G3: L1 single-step, explicit | I3: Give me the book, Morty. | J3: tape_dispenser | K3: — | U3: voice | AD3: final | AG3: trial_087_LA_S2 | AI3: video
A4: 088 | B4: 2026-09-28 | D4: Layout A | E4: S3 | F4: S3: One of a kind among others — ask for it | G4: L1 single-step, explicit | I4: Grasp for me the tape dispenser. | J4: tape_dispenser | K4: drop_right | L4: yes | M4: yes | N4: yes | O4: yes | P4: yes | Q4: yes | R4: 5.21 | S4: 45.08 | U4: voice | V4: instant rule | W4: yes | X4: curve | Y4: yes | Z4: 1 of 26 | AA4: 32.542 | AB4: 21.106 | AC4: 23.974 | AD4: final | AE4: pick up the tape dispenser | AF4: success | AG4: trial_088_LA_S3 | AH4: viewer | AI4: video
A5: 089 | B5: 2026-09-28 | D5: Layout A | E5: S4 | F5: S4: Two same kind — clarify by words (left/right/colour) | G5: L1 single-step, explicit | I5: Grasp for me the vitamin tube. | J5: vitamin_c | K5: drop_left | L5: yes | M5: yes | N5: yes | O5: yes | P5: yes | Q5: yes | R5: 11.901 | S5: 49.555 | U5: voice | V5: instant rule | W5: yes | X5: curve | Y5: yes | Z5: 1 of 11 | AA5: 37.421 | AB5: 22.598 | AC5: 26.957 | AD5: final | AE5: pick up the leftmost vitamin tube | AF5: success | AG5: trial_089_LA_S4 | AH5: viewer | AI5: video
A6: 090 | B6: 2026-09-28 | D6: Layout A | E6: S5 | F6: S5: Two same kind — clarify by pointing | G6: L1 single-step, explicit | I6: Grasp for me the vitamin tube. | J6: vitamin_B12 | K6: drop_right | L6: yes | M6: yes | N6: yes | O6: yes | P6: yes | Q6: yes | R6: 10.304 | S6: 49.439 | U6: voice | V6: instant rule | W6: yes | X6: curve | Y6: yes | Z6: 3 of 24 | AA6: 37.947 | AB6: 19.917 | AC6: 29.522 | AD6: final | AE6: pick up the vitamin tube | AF6: success | AG6: trial_090_LA_S5 | AH6: viewer | AI6: video
A7: 091 | B7: 2026-09-28 | D7: Layout A | E7: S6 | F7: S6: Pointing only (with confirmation) | G7: L1 single-step, explicit | H7: M1 | I7: Drop it on the right side. | J7: tape_dispenser | K7: drop_right | L7: yes | M7: yes | N7: yes | O7: yes | P7: yes | Q7: yes | R7: 0.511 | S7: 47.072 | U7: pointing/click | W7: yes | X7: curve | Y7: yes | Z7: 1 of 25 | AA7: 39.692 | AB7: 28.371 | AC7: 18.701 | AD7: final | AE7: pick up the tape dispenser | AF7: success | AG7: trial_091_LA_S6 | AH7: viewer | AI7: video
A8: 092 | B8: 2026-09-28 | D8: Layout A | E8: S1 | F8: S1: Available objects — no physical action | G8: L1 single-step, explicit | I8: Morty, could you please tell me which objects you can pick up right now? | J8: — | K8: — | U8: voice | AD8: final | AG8: trial_092_LA_S1 | AI8: video
A9: 093 | B9: 2026-09-28 | D9: Layout A | E9: S2 | F9: S2: Object NOT in scene ('give me the book') | G9: L1 single-step, explicit | I9: Could you please bring me my phone? | J9: phone | K9: — | L9: yes | M9: yes | U9: voice | AD9: final | AG9: trial_093_LA_S2 | AI9: video
A10: 095 | B10: 2026-09-28 | D10: Layout A | E10: S3 | F10: S3: One of a kind among others — ask for it | G10: L1 single-step, explicit | I10: Could you slowly bring me the small bottle, please? | J10: small_bottle | K10: drop_left | L10: yes | M10: yes | N10: yes | O10: yes | P10: yes | Q10: yes | R10: 4.194 | S10: 39.212 | U10: voice | V10: language model | W10: yes | X10: curve | Y10: yes | Z10: 3 of 18 | AA10: 29.932 | AB10: 20.712 | AC10: 18.5 | AD10: final | AE10: pick up the small bottle | AF10: success | AG10: trial_095_LA_S3 | AH10: viewer | AI10: video
A11: 097 | B11: 2026-09-28 | D11: Layout A | E11: S5 | F11: S5: Two same kind — clarify by pointing | G11: L1 single-step, explicit | H11: M1 | I11: Get me the vitamin tube. | J11: vitamin_c | K11: drop_right | L11: yes | M11: yes | N11: yes | O11: yes | P11: yes | Q11: yes | R11: 12.254 | S11: 44.393 | U11: voice | V11: language model | W11: yes | X11: curve | Y11: no | Z11: 1 of 24 | AA11: 39.29 | AB11: 16.688 | AC11: 27.705 | AD11: final | AE11: pick up the vitamin tube | AF11: success | AG11: trial_097_LA_S5 | AH11: viewer | AI11: video
A12: 096 | B12: 2026-09-28 | D12: Layout A | E12: S4 | F12: S4: Two same kind — clarify by words (left/right/colour) | G12: L1 single-step, explicit | I12: Grasp for me the vitamin tube. | J12: vitamin_B12 | K12: home | L12: yes | M12: yes | N12: yes | O12: yes | P12: yes | Q12: yes | R12: 12.069 | S12: 40.616 | U12: voice | V12: instant rule | W12: yes | X12: curve | Y12: yes | Z12: 2 of 25 | AA12: 38.474 | AB12: 14.79 | AC12: 25.826 | AD12: final | AE12: pick up the rightmost vitamin tube | AF12: success | AG12: trial_096_LA_S4 | AH12: viewer | AI12: video
A13: 099 | B13: 2026-09-28 | D13: Layout A | E13: S3 | F13: S3: One of a kind among others — ask for it | G13: L1 single-step, explicit | I13: Can you give me the small bottle? | J13: small_bottle | K13: — | R13: 2.966 | S13: 42.285 | U13: voice | V13: instant rule | W13: yes | X13: curve | Y13: yes | Z13: 2 of 13 | AA13: 25.188 | AB13: 21.286 | AC13: 20.999 | AD13: final | AE13: pick up the small bottle | AF13: success | AG13: trial_099_LA_S3 | AH13: viewer | AI13: video
A14: 100 | B14: 2026-09-28 | D14: Layout A | E14: S3 | F14: S3: One of a kind among others — ask for it | G14: L1 single-step, explicit | I14: I need a tape dispenser. | J14: tape_dispenser | K14: home | L14: yes | M14: yes | N14: yes | O14: yes | P14: yes | Q14: yes | R14: 6.371 | S14: 33.524 | U14: voice | V14: language model | W14: yes | X14: curve | Y14: yes | Z14: 5 of 17 | AA14: 33.765 | AB14: 15.565 | AC14: 17.959 | AD14: final | AE14: pick up the tape dispenser | AF14: success | AG14: trial_100_LA_S3 | AH14: viewer | AI14: video
A15: 101 | B15: 2026-09-28 | D15: Layout A | E15: S4 | F15: S4: Two same kind — clarify by words (left/right/colour) | G15: L1 single-step, explicit | H15: M3 | I15: Give me the vitamin tube. | J15: vitamin_c | K15: drop_right | L15: yes | M15: yes | N15: yes | O15: yes | P15: yes | Q15: yes | R15: 21.338 | S15: 81.227 | U15: voice | V15: instant rule | W15: yes | X15: curve | Y15: yes | Z15: 1 of 16 | AA15: 62.726 | AB15: 34.836 | AC15: 46.391 | AD15: final | AE15: pick up the leftmost vitamin tube | AF15: success | AG15: trial_101_LA_S4 | AH15: viewer | AI15: video
A16: 105 | B16: 2026-09-28 | D16: Layout A | E16: S1 | F16: S1: Available objects — no physical action | G16: L1 single-step, explicit | I16: Tell me Morty, what kind of object are you seeing right now? | J16: — | K16: — | U16: voice | AD16: final | AG16: trial_105_LA_S1 | AI16: video
A17: 107 | B17: 2026-09-28 | D17: Layout A | E17: S2 | F17: S2: Object NOT in scene ('give me the book') | G17: L1 single-step, explicit | I17: Give me the toy faucet. | J17: toy_faucet | K17: — | U17: voice | V17: instant rule | AD17: final | AG17: trial_107_LA_S2 | AI17: video
A18: 108 | B18: 2026-09-28 | D18: Layout A | E18: S3 | F18: S3: One of a kind among others — ask for it | G18: L1 single-step, explicit | H18: M1 | I18: Can you give me the white bottle | J18: small_bottle | K18: home | L18: yes | M18: yes | N18: yes | O18: yes | P18: yes | Q18: yes | R18: 3.759 | S18: 28.08 | U18: voice | V18: language model | W18: yes | X18: curve | Y18: yes | Z18: 4 of 19 | AA18: 25.893 | AB18: 9.713 | AC18: 18.367 | AD18: final | AG18: trial_108_LA_S3 | AI18: video
A19: 109 | B19: 2026-09-28 | D19: Layout A | E19: S4 | F19: S4: Two same kind — clarify by words (left/right/colour) | G19: L1 single-step, explicit | I19: Grasp for me the vitamin tube. | J19: vitamin_c | K19: home | L19: yes | M19: yes | N19: yes | O19: yes | P19: yes | Q19: yes | R19: 12.288 | S19: 41.687 | U19: voice | V19: language model | W19: yes | X19: curve | Y19: yes | Z19: 1 of 23 | AA19: 39.452 | AB19: 14.872 | AC19: 26.815 | AD19: final | AG19: trial_109_LA_S4 | AI19: video
A20: 110 | B20: 2026-09-28 | D20: Layout A | E20: S5 | F20: S5: Two same kind — clarify by pointing | G20: L1 single-step, explicit | H20: M1 | I20: Grasp for me the vitamin tube. | J20: vitamin_c | K20: drop_right | L20: yes | M20: yes | N20: yes | O20: yes | P20: yes | Q20: yes | R20: 26.027 | S20: 62.865 | T20: Intent first misunderstood because of an incorrect voice transcription ("Yes, say a long one." — Morty told a story); understood after that ("No.", "The yellow one."). | U20: voice | V20: instant rule | W20: yes | X20: curve | Y20: yes | Z20: 1 of 15 | AA20: 56.328 | AB20: 32.296 | AC20: 30.569 | AD20: final | AG20: trial_110_LA_S5 | AI20: video
A21: 111 | B21: 2026-09-28 | D21: Layout A | E21: S6 | F21: S6: Pointing only (with confirmation) | G21: L1 single-step, explicit | H21: M1 | I21: Yes, grasp it. | J21: tape_dispenser | K21: drop_right | L21: yes | M21: yes | N21: yes | O21: yes | P21: yes | Q21: yes | R21: 1.465 | S21: 28.187 | U21: voice | V21: instant rule | W21: yes | X21: curve | Y21: yes | Z21: 1 of 13 | AA21: 21.35 | AB21: 20.118 | AC21: 8.069 | AD21: final | AG21: trial_111_LA_S6 | AI21: video
A22: 112 | B22: 2026-09-28 | D22: Layout A | E22: S7 | F22: S7: Moving without grasping | G22: L1 single-step, explicit | H22: M1 | I22: Look at the left, then the right, then go back home. | J22: — | K22: — | R22: 3.814 | U22: voice | V22: language model | AD22: final | AG22: trial_112_LA_S7 | AI22: video
A23: 114 | B23: 2026-09-29 | D23: Layout A | E23: S7 | F23: S7: Moving without grasping | G23: L1 single-step, explicit | H23: M1 | I23: Morty, look at the right side first, then go home. | J23: — | K23: — | L23: yes | Q23: yes | R23: 9.284 | U23: voice | V23: language model | AD23: final | AE23: look to the right | AF23: success | AG23: trial_114_LA_S7 | AH23: viewer | AI23: video
A24: 113 | B24: 2026-09-29 | D24: Layout A | E24: S7 | F24: S7: Moving without grasping | G24: L1 single-step, explicit | H24: M1 | I24: Morty, how are you? Can you look at the left side, then go to the drop right side. | J24: — | K24: — | L24: yes | Q24: yes | R24: 5.12 | U24: voice | V24: language model | AD24: final | AE24: look to the left | AF24: success | AG24: trial_113_LA_S7 | AH24: viewer | AI24: video
A25: 115 | B25: 2026-09-29 | D25: Layout A | E25: S6 | F25: S6: Pointing only (with confirmation) | G25: L1 single-step, explicit | I25: Yes, grasp a small bottle for me. | J25: small_bottle | K25: drop_right | L25: yes | M25: yes | N25: yes | O25: yes | P25: yes | Q25: yes | R25: 6.231 | S25: 43.208 | U25: voice | V25: language model | W25: yes | X25: curve | Y25: no | Z25: 1 of 28 | AA25: 36.388 | AB25: 26.749 | AC25: 16.459 | AD25: final | AE25: pick up the small bottle | AF25: success | AG25: trial_115_LA_S6 | AH25: viewer | AI25: video
A26: 116 | B26: 2026-09-29 | D26: Layout A | E26: S1 | F26: S1: Available objects — no physical action | G26: L1 single-step, explicit | I26: How many vitamins tubes do you see and where are they | J26: — | K26: — | U26: voice | AD26: final | AG26: trial_116_LA_S1 | AI26: video
A27: 117 | B27: 2026-09-29 | D27: Layout A | E27: S2 | F27: S2: Object NOT in scene ('give me the book') | G27: L1 single-step, explicit | I27: Grasp. | J27: banana | K27: — | U27: voice | AD27: final | AG27: trial_117_LA_S2 | AI27: video
A28: 118 | B28: 2026-09-29 | D28: Layout A | E28: S1 | F28: S1: Available objects — no physical action | G28: L1 single-step, explicit | H28: M1 | I28: Pick up the tape dispenser and put it on the right side. | J28: tape_dispenser | K28: drop_left | L28: yes | M28: yes | N28: yes | O28: yes | P28: yes | Q28: yes | R28: 4.319 | S28: 31.686 | U28: voice | V28: language model | W28: yes | X28: curve | Y28: yes | Z28: 2 of 15 | AA28: 25.51 | AB28: 10.643 | AC28: 21.043 | AD28: final | AE28: pick up the tape dispenser and put it on drop_right | AF28: success | AG28: trial_118_LA_S1 | AH28: viewer | AI28: video
A29: 119 | B29: 2026-09-29 | D29: Layout A | E29: S4 | F29: S4: Two same kind — clarify by words (left/right/colour) | G29: L1 single-step, explicit | I29: Bring me the vitamins. | J29: vitamin_c | K29: drop_right | L29: yes | M29: yes | N29: yes | O29: yes | P29: yes | Q29: yes | R29: 20.473 | S29: 58.464 | U29: voice | V29: language model | W29: no | X29: curve | Y29: no | Z29: 1 of 35 | AA29: 47.074 | AB29: 19.485 | AC29: 38.979 | AD29: final | AE29: pick up the rightmost vitamin tube | AF29: success | AG29: trial_119_LA_S4 | AH29: viewer | AI29: video
A30: 120 | B30: 2026-09-29 | D30: Layout A | E30: S5 | F30: S5: Two same kind — clarify by pointing | G30: L1 single-step, explicit | H30: M1 | I30: Pick for me the vitamin tube. | J30: vitamin_b12 | K30: drop_right | L30: yes | M30: yes | N30: yes | O30: yes | P30: yes | Q30: yes | R30: 26.045 | S30: 59.107 | U30: voice | V30: instant rule | W30: yes | X30: curve | Y30: yes | Z30: 1 of 21 | AA30: 52.928 | AB30: 22.082 | AC30: 37.025 | AD30: final | AE30: pick up the vitamin tube | AF30: success | AG30: trial_120_LA_S5 | AH30: viewer | AI30: video
A31: 121 | B31: 2026-09-29 | D31: Layout A | E31: S6 | F31: S6: Pointing only (with confirmation) | G31: L1 single-step, explicit | H31: M1;M3 | I31: Yes, grasp this vitamin tube. | J31: vitamin_c | K31: home and drop right | L31: yes | M31: yes | N31: yes | O31: yes | P31: yes | Q31: yes | R31: 20.478 | S31: 69.221 | U31: voice | V31: language model | W31: yes | X31: curve | Y31: yes | Z31: 1 of 22 | AA31: 58.532 | AB31: 53.559 | AC31: 15.662 | AD31: final | AE31: pick up the vitamin tube | AF31: success | AG31: trial_121_LA_S6 | AH31: viewer | AI31: video
A32: 122 | B32: 2026-09-29 | D32: Layout A | E32: S7 | F32: S7: Moving without grasping | G32: L1 single-step, explicit | H32: M2;M3 | I32: Hello Morty, tell me a story while you are looking at the right side. | J32: — | K32: — | R32: 3.012 | U32: voice | V32: language model | AD32: final | AE32: look to the right | AF32: unknown | AG32: trial_122_LA_S7 | AH32: viewer | AI32: video
A33: 123 | B33: 2026-09-29 | D33: Layout A | E33: S1 | F33: S1: Available objects — no physical action | G33: L1 single-step, explicit | I33: Hi Morty, before we start, tell me everything that is in front of you from left to right. | J33: — | K33: — | U33: voice | AD33: final | AG33: trial_123_LA_S1 | AI33: video
A34: 124 | B34: 2026-09-29 | D34: Layout A | E34: S2 | F34: S2: Object NOT in scene ('give me the book') | G34: L1 single-step, explicit | I34: Morty, I'm really thirsty. Can you hand me the coffee? | J34: coffe mug | K34: — | L34: yes | Q34: yes | U34: voice | AD34: final | AG34: trial_124_LA_S2 | AI34: video
A35: 126 | B35: 2026-09-29 | D35: Layout A | E35: S4 | F35: S4: Two same kind — clarify by words (left/right/colour) | G35: L1 single-step, explicit | I35: Morty, give me the vitamin tube. | J35: vitamin_B12 | K35: drop_left then home then right | L35: yes | M35: yes | N35: yes | O35: yes | P35: yes | Q35: yes | R35: 26.927 | S35: 86.942 | U35: voice | V35: instant rule | W35: no | X35: curve | Y35: no | Z35: 1 of 26 | AA35: 80.675 | AB35: 37.635 | AC35: 49.307 | AD35: final | AE35: pick up the red vitamin tube | AF35: success | AG35: trial_126_LA_S4 | AH35: viewer | AI35: video
A36: 127 | B36: 2026-09-29 | D36: Layout A | E36: S5 | F36: S5: Two same kind — clarify by pointing | G36: L1 single-step, explicit | I36: Give me the vitamin tube. | J36: vitamin_c | K36: home then drop left. | L36: yes | M36: yes | N36: yes | O36: yes | P36: yes | Q36: yes | R36: 10.564 | S36: 44.641 | U36: voice | V36: instant rule | W36: yes | X36: curve | Y36: yes | Z36: 2 of 25 | AA36: 42.515 | AB36: 20.571 | AC36: 24.07 | AD36: final | AE36: pick up the vitamin tube | AF36: success | AG36: trial_127_LA_S5 | AH36: viewer | AI36: video
A37: 128 | B37: 2026-09-29 | D37: Layout A | E37: S6 | F37: S6: Pointing only (with confirmation) | G37: L1 single-step, explicit | I37: He has grasped this vitamin tube. The pitbull, is it the pitbull or not? | J37: Vitamin B12 | K37: drop left then drop right | L37: yes | M37: yes | N37: yes | O37: yes | P37: yes | Q37: yes | R37: 18.053 | S37: 53.554 | U37: voice | V37: instant rule | W37: yes | X37: curve | Y37: yes | Z37: 1 of 17 | AA37: 47.578 | AB37: 40.775 | AC37: 12.779 | AD37: final | AE37: pick up the vitamin tube | AF37: success | AG37: trial_128_LA_S6 | AH37: viewer | AI37: video
A38: 129 | B38: 2026-09-29 | D38: Layout A | E38: S7 | F38: S7: Moving without grasping | G38: L1 single-step, explicit | I38: Now go to the drop right. While you are doing that, tell me a good story. | J38: — | K38: — | L38: yes | M38: yes | R38: 2.44 | U38: voice | V38: language model | AD38: final | AE38: drop it on the right side | AF38: unknown | AG38: trial_129_LA_S7 | AH38: viewer | AI38: video
A39: 125 | B39: 2026-09-29 | D39: Layout A | E39: S3 | F39: S3: One of a kind among others — ask for it | G39: L1 single-step, explicit | I39: Morty, I need to seal a parcel. Would you grab for me the tape dispenser? | J39: tape_dispenser | K39: drop_right then home | L39: yes | M39: yes | N39: yes | O39: yes | P39: yes | Q39: yes | R39: 4.418 | S39: 42.472 | U39: voice | V39: language model | W39: yes | X39: curve | Y39: yes | Z39: 1 of 20 | AA39: 41.29 | AB39: 22.275 | AC39: 20.197 | AD39: final | AE39: pick up the tape dispenser | AF39: success | AG39: trial_125_LA_S3 | AH39: viewer | AI39: video
A40: 131 | B40: 2026-09-30 | D40: Layout B | E40: S1 | F40: S1: Available objects — no physical action | G40: L1 single-step, explicit | I40: Tell me what is on the table. | J40: tape_dispenser | K40: — | U40: voice | AD40: final | AG40: trial_131_LB_S2 | AI40: video
A41: 132 | B41: 2026-09-30 | D41: Layout B | E41: S2 | F41: S2: Object NOT in scene ('give me the book') | G41: L1 single-step, explicit | I41: Handel me the scissors. | J41: wooden_maze_puzzle | K41: — | L41: yes | M41: yes | U41: voice | AD41: final | AG41: trial_132_LB_S2 | AI41: video
A42: 133 | B42: 2026-09-30 | D42: Layout B | E42: S3 | F42: S3: One of a kind among others — ask for it | G42: L1 single-step, explicit | I42: Grasp for me the wooden maze puzzle. | J42: wooden_maze_puzzle | K42: — | L42: yes | M42: yes | N42: yes | O42: yes | P42: yes | Q42: yes | R42: 3.806 | S42: 50.999 | U42: voice | V42: instant rule | W42: yes | Y42: yes | Z42: 1 of 6 | AA42: 44.711 | AB42: 30.328 | AC42: 20.671 | AD42: final | AE42: pick up the wooden maze puzzle | AF42: success | AG42: trial_133_LB_S3 | AH42: viewer | AI42: video
A43: 135 | B43: 2026-09-30 | D43: Layout B | E43: S4 | F43: S4: Two same kind — clarify by words (left/right/colour) | G43: L1 single-step, explicit | H43: M3 | I43: Morty, give me the vitamin. | J43: Vitamin Multi | K43: drop_right then home | L43: yes | M43: yes | N43: yes | O43: yes | P43: yes | Q43: yes | R43: 15.695 | S43: 55.942 | U43: voice | V43: language model | W43: yes | X43: curve | Y43: yes | Z43: 2 of 21 | AA43: 53.752 | AB43: 22.652 | AC43: 33.29 | AD43: final | AE43: pick up the blue vitamin c | AF43: success | AG43: trial_135_LB_S4 | AH43: viewer | AI43: video
A44: 136 | B44: 2026-09-30 | D44: Layout B | E44: S5 | F44: S5: Two same kind — clarify by pointing | G44: L1 single-step, explicit | I44: Give me a vitamin tube. | J44: Vitamin Multi | K44: drop_left then home | L44: yes | M44: yes | N44: yes | O44: yes | P44: yes | Q44: yes | R44: 37.298 | S44: 65.165 | U44: voice | V44: instant rule | W44: yes | X44: curve | Y44: yes | Z44: 6 of 19 | AA44: 62.936 | AB44: 33.064 | AC44: 32.101 | AD44: final | AE44: pick up the leftmost vitamin tube | AF44: success | AG44: trial_136_LB_S5 | AH44: viewer | AI44: video
A45: 137 | B45: 2026-09-30 | D45: Layout B | E45: S6 | F45: S6: Pointing only (with confirmation) | G45: L1 single-step, explicit | I45: Is this a small bottle? | J45: small_bottle | K45: home then drop_right | L45: yes | M45: yes | N45: yes | O45: yes | P45: yes | Q45: yes | R45: 10.847 | S45: 70.604 | U45: voice | V45: instant rule | W45: yes | X45: curve | Y45: yes | Z45: 1 of 23 | AA45: 56.798 | AB45: 53.559 | AC45: 17.045 | AD45: final | AE45: pick up the small bottle | AF45: success | AG45: trial_137_LB_S6 | AH45: viewer | AI45: video
A46: 138 | B46: 2026-09-30 | D46: Layout B | E46: S7 | F46: S7: Moving without grasping | G46: L1 single-step, explicit | I46: Morty, can you tell me what doesn't mean that you are looking at the left side? | J46: — | K46: — | R46: 36.438 | U46: voice | V46: language model | AD46: final | AE46: look to the left | AF46: unknown | AG46: trial_138_LA_S7 | AH46: viewer | AI46: video
A47: 139 | B47: 2026-09-30 | D47: Layout B | E47: S1 | F47: S1: Available objects — no physical action | G47: L1 single-step, explicit | I47: Can you name everything you would able to grasp for me | J47: tape_dispenser | K47: — | U47: voice | AD47: final | AG47: trial_139_LB_S1 | AI47: video
A48: 140 | B48: 2026-09-30 | D48: Layout B | E48: S2 | F48: S2: Object NOT in scene ('give me the book') | G48: L1 single-step, explicit | I48: Grasp for me the pen. | J48: Pen | K48: — | L48: yes | Q48: yes | U48: voice | AD48: final | AG48: trial_140_LB_S2 | AI48: video
A49: 143 | B49: 2026-09-30 | D49: Layout B | E49: S3 | F49: S3: One of a kind among others — ask for it | G49: L1 single-step, explicit | I49: You know, give me the small bottle. | J49: small_bottle | K49: home | L49: yes | M49: yes | N49: yes | O49: yes | P49: yes | Q49: yes | R49: 5.313 | S49: 31.458 | U49: voice | V49: language model | W49: no | X49: curve | Y49: no | Z49: 1 of 33 | AA49: 29.264 | AB49: 12.644 | AC49: 18.814 | AD49: final | AE49: pick up the small bottle | AF49: success | AG49: trial_143_LA_S3 | AH49: viewer | AI49: video
A50: 144 | B50: 2026-09-30 | D50: Layout B | E50: S4 | F50: S4: Two same kind — clarify by words (left/right/colour) | G50: L1 single-step, explicit | I50: Can I have one of those vitamin tubes? | J50: vitamin_B12 | K50: home | L50: yes | M50: yes | N50: yes | O50: no | P50: yes | Q50: yes | R50: 53.848 | S50: 84.49 | T50: he couldnt grasp the first grasp he needed a second time with confermation. | U50: voice | V50: language model | W50: yes | X50: curve | Y50: yes | Z50: 1 of 21 | AA50: 82.585 | AB50: 17.351 | AC50: 67.139 | AD50: final | AE50: pick up the leftmost red vitamin tube | AF50: success | AG50: trial_144_LB_S4 | AH50: viewer | AI50: video
A51: 146 | B51: 2026-09-30 | D51: Layout B | E51: S6 | F51: S6: Pointing only (with confirmation) | G51: L1 single-step, explicit | H51: M1 | I51: Give me this object. | J51: vitamin_c | K51: drop_left | L51: yes | M51: yes | N51: yes | O51: yes | P51: yes | Q51: yes | R51: 8.105 | S51: 33.934 | U51: voice | V51: instant rule | W51: yes | X51: curve | Y51: yes | Z51: 6 of 19 | AA51: 28.794 | AB51: 15.158 | AC51: 18.776 | AD51: final | AE51: pick up the leftmost vitamin tube | AF51: success | AG51: trial_146_LB_S6 | AH51: viewer | AI51: video
A52: 147 | B52: 2026-09-30 | D52: Layout B | E52: S7 | F52: S7: Moving without grasping | G52: L1 single-step, explicit | I52: Morty, look. | J52: — | K52: — | R52: 5.262 | U52: voice | V52: language model | AD52: final | AE52: drop it on the right side | AF52: unknown | AG52: trial_147_LB_S7 | AH52: viewer | AI52: video
A53: 148 | B53: 2026-09-30 | D53: Layout B | E53: S1 | F53: S1: Available objects — no physical action | G53: L1 single-step, explicit | I53: Is there any kind of a small bottle in front of you | J53: — | K53: — | U53: voice | AD53: final | AG53: trial_148_LB_S1 | AI53: video
A54: 149 | B54: 2026-09-30 | D54: Layout B | E54: S2 | F54: S2: Object NOT in scene ('give me the book') | G54: L1 single-step, explicit | I54: Take the apple and drop it on the left side. | J54: apple | K54: — | U54: voice | AD54: final | AG54: trial_149_LB_S2 | AI54: video
A55: 150 | B55: 2026-09-30 | D55: Layout B | E55: S3 | F55: S3: One of a kind among others — ask for it | G55: L1 single-step, explicit | I55: Give me the small bottle. | J55: small_bottle | K55: drop_left | L55: yes | M55: yes | N55: yes | O55: yes | P55: yes | Q55: yes | R55: 2.955 | S55: 37.326 | U55: voice | V55: instant rule | W55: yes | X55: curve | Y55: yes | Z55: 1 of 27 | AA55: 32.105 | AB55: 20.652 | AC55: 16.674 | AD55: final | AE55: pick up the small bottle | AF55: success | AG55: trial_150_LB_S3 | AH55: viewer | AI55: video
A56: 154 | B56: 2026-09-30 | D56: Layout B | E56: S6 | F56: S6: Pointing only (with confirmation) | G56: L1 single-step, explicit | I56: Give me this object. | J56: wooden_maze_puzzle | K56: drop_right | L56: yes | M56: yes | N56: yes | O56: yes | P56: yes | Q56: yes | R56: 17.6 | S56: 79.419 | U56: voice | V56: instant rule | W56: yes | X56: curve | Y56: yes | Z56: 1 of 8 | AA56: 64.773 | AB56: 48.811 | AC56: 30.608 | AD56: final | AE56: pick up the wooden maze puzzle | AF56: success | AG56: trial_154_LB_S6 | AH56: viewer | AI56: video
A57: 151 | B57: 2026-09-30 | D57: Layout B | E57: S4 | F57: S4: Two same kind — clarify by words (left/right/colour) | G57: L1 single-step, explicit | I57: Now give me the vitamin tube. | J57: vitamin_B12 | K57: drop_right | L57: yes | M57: yes | N57: yes | O57: yes | P57: yes | Q57: yes | R57: 21.687 | S57: 54.431 | U57: voice | V57: instant rule | W57: yes | Y57: yes | Z57: 4 of 20 | AA57: 48.152 | AB57: 12.314 | AC57: 42.117 | AD57: final | AE57: pick up the leftmost vitamin tube | AF57: success | AG57: trial_151_LB_S4 | AH57: viewer | AI57: video
A58: 152 | B58: 2026-09-30 | D58: Layout B | E58: S5 | F58: S5: Two same kind — clarify by pointing | G58: L1 single-step, explicit | I58: Grasp for me this vitamin tube. | J58: vitamin_Multivitamin | K58: drop_right | L58: yes | M58: yes | N58: yes | O58: yes | P58: yes | Q58: yes | R58: 44.862 | S58: 80.67 | T58: took alot of time to get the correct poitning and didnt understand correctly becuase he didnt hear correclty... | U58: voice | V58: language model | W58: yes | X58: curve | Y58: no | Z58: 1 of 19 | AA58: 74.55 | AB58: 39.345 | AC58: 41.325 | AD58: final | AE58: pick up the rightmost vitamin tube | AF58: success | AG58: trial_152_LB_S5 | AH58: viewer | AI58: video
A59: 155 | B59: 2026-09-30 | D59: Layout B | E59: S7 | F59: S7: Moving without grasping | G59: L1 single-step, explicit | I59: Now look at the left, then go to the drop right. | J59: — | K59: — | R59: 2.713 | U59: voice | V59: language model | AD59: final | AE59: look to the left | AF59: unknown | AG59: trial_155_LB_S7 | AH59: viewer | AI59: video
A60: 145 | B60: 2026-09-30 | D60: Layout B | E60: S5 | F60: S5: Two same kind — clarify by pointing | G60: L1 single-step, explicit | I60: Now grasp for me one of those vitamin tubes. | J60: vitamin_B12 | K60: drop_left | L60: yes | M60: yes | N60: yes | O60: yes | P60: yes | Q60: yes | R60: 20.512 | S60: 53.603 | U60: voice | V60: language model | W60: no | X60: curve | Y60: no | Z60: 8 of 23 | AA60: 43.936 | AB60: 19.238 | AC60: 34.365 | AD60: final | AE60: pick up the leftmost vitamin tube | AF60: success | AG60: trial_145_LB_S5 | AH60: viewer | AI60: video
A61: 156 | B61: 2026-09-30 | D61: Layout B | E61: S1 | F61: S1: Available objects — no physical action | G61: L1 single-step, explicit | I61: Good evening Morty, I just rearranged the table. What can you see right now? | J61: — | K61: — | L61: yes | M61: yes | Q61: yes | U61: voice | AD61: final | AG61: trial_156_LB_S1 | AI61: video
A62: 157 | B62: 2026-09-30 | D62: Layout B | E62: S2 | F62: S2: Object NOT in scene ('give me the book') | G62: L1 single-step, explicit | I62: Morty, I lost my keys. If you see them, grasp them. | J62: keys | K62: — | U62: voice | AD62: final | AG62: trial_157_LB_S2 | AI62: video
A63: 158 | B63: 2026-09-30 | D63: Layout B | E63: S3 | F63: S3: One of a kind among others — ask for it | G63: L1 single-step, explicit | H63: M3 | I63: Grasp for me the wooden maze puzzle. | J63: wooden_maze_puzzle | K63: home | L63: no | M63: yes | N63: yes | O63: yes | P63: yes | Q63: yes | R63: 2.715 | S63: 59.909 | U63: voice | V63: instant rule | W63: yes | X63: curve | Y63: yes | Z63: 1 of 6 | AA63: 53.626 | AB63: 26.823 | AC63: 33.086 | AD63: final | AE63: pick up the wooden maze puzzle | AF63: success | AG63: trial_158_LB_S3 | AH63: viewer | AI63: video
A64: 159 | B64: 2026-09-30 | D64: Layout B | E64: S4 | F64: S4: Two same kind — clarify by words (left/right/colour) | G64: L1 single-step, explicit | H64: M2 | I64: Give me the vitamin tube that on the right side. | J64: vitamin_Multivitamin | K64: drop_left | L64: yes | M64: yes | N64: yes | O64: yes | P64: yes | Q64: yes | R64: 4.148 | S64: 52.698 | U64: voice | V64: language model | W64: yes | X64: curve | Y64: yes | Z64: 1 of 22 | AA64: 42.096 | AB64: 33.989 | AC64: 18.709 | AD64: final | AE64: pick up the rightmost vitamin tube | AF64: success | AG64: trial_159_LB_S4 | AH64: viewer | AI64: video
A65: 160 | B65: 2026-09-30 | D65: Layout B | E65: S5 | F65: S5: Two same kind — clarify by pointing | G65: L1 single-step, explicit | H65: M1 | I65: Grasp for me this. | J65: vitamin_Multivitamin | K65: drop_right | L65: yes | M65: yes | N65: yes | O65: yes | P65: yes | Q65: yes | R65: 17.197 | S65: 43.791 | U65: voice | V65: language model | W65: yes | X65: curve | Y65: yes | Z65: 1 of 27 | AA65: 37.72 | AB65: 19.002 | AC65: 24.789 | AD65: final | AE65: pick up the rightmost vitamin tube | AF65: success | AG65: trial_160_LB_S5 | AH65: viewer | AI65: video
A66: 161 | B66: 2026-09-30 | D66: Layout B | E66: S6 | F66: S6: Pointing only (with confirmation) | G66: L1 single-step, explicit | H66: M1 | I66: Morty, grasp for me, please. | J66: small_bottle | K66: drop_right | L66: yes | M66: yes | N66: yes | O66: yes | P66: yes | Q66: yes | R66: 14.917 | S66: 47.283 | U66: voice | V66: instant rule | W66: yes | X66: curve | Y66: no | Z66: 2 of 22 | AA66: 36.209 | AB66: 20.198 | AC66: 27.085 | AD66: final | AE66: pick up the small bottle | AF66: success | AG66: trial_161_LB_S6 | AH66: viewer | AI66: video
A67: 162 | B67: 2026-09-30 | D67: Layout B | E67: S7 | F67: S7: Moving without grasping | G67: L1 single-step, explicit | I67: Morty, I want you to look at the | J67: — | K67: — | L67: yes | M67: yes | Q67: yes | R67: 7.552 | U67: voice | V67: language model | AD67: final | AE67: look to the right | AF67: success | AG67: trial_162_LB_S7 | AH67: viewer | AI67: video
A68: 163 | B68: 2026-09-30 | D68: Layout B | E68: S1 | F68: S1: Available objects — no physical action | G68: L1 single-step, explicit | I68: Morty, which object is the one that is far left? | J68: — | K68: — | U68: voice | AD68: final | AG68: trial_163_LB_S1 | AI68: video
A69: 164 | B69: 2026-09-30 | D69: Layout B | E69: S2 | F69: S2: Object NOT in scene ('give me the book') | G69: L1 single-step, explicit | I69: Pick up for me the tape dispenser. | J69: tape_dispenser | K69: — | L69: yes | U69: voice | V69: instant rule | AD69: final | AE69: Pick up for me the tape dispenser. | AF69: unknown | AG69: trial_164_LB_S2 | AH69: viewer | AI69: video
A70: 166 | B70: 2026-09-30 | D70: Layout B | E70: S3 | F70: S3: One of a kind among others — ask for it | G70: L1 single-step, explicit | I70: Grasp for me the small bottle. | J70: small_bottle | K70: drop_left | L70: yes | M70: yes | N70: yes | O70: yes | P70: yes | Q70: yes | R70: 3.799 | S70: 36.508 | U70: voice | V70: instant rule | W70: no | X70: curve | Y70: no | Z70: 1 of 19 | AA70: 31.4 | AB70: 15.009 | AC70: 21.499 | AD70: final | AE70: pick up the small bottle | AF70: success | AG70: trial_166_LB_S3 | AH70: viewer | AI70: video
A71: 167 | B71: 2026-09-30 | D71: Layout B | E71: S4 | F71: S4: Two same kind — clarify by words (left/right/colour) | G71: L1 single-step, explicit | H71: M3 | I71: Grasp for me the vitamin B12. | J71: vitamin_B12 | K71: drop_left then drop_right | L71: yes | M71: yes | N71: yes | O71: yes | P71: yes | Q71: yes | R71: 1.95 | S71: 57.246 | U71: voice | V71: instant rule | W71: yes | X71: curve | Y71: yes | Z71: 1 of 19 | AA71: 51.192 | AB71: 27.741 | AC71: 29.505 | AD71: final | AE71: pick up the red vitamin tube | AF71: success | AG71: trial_167_LB_S4 | AH71: viewer | AI71: video
A72: 168 | B72: 2026-09-30 | D72: Layout B | E72: S5 | F72: S5: Two same kind — clarify by pointing | G72: L1 single-step, explicit | I72: Morty. | J72: vitamin_B12 | K72: drop_right then home | L72: yes | M72: yes | N72: yes | O72: yes | P72: no | Q72: yes | R72: 17.288 | S72: 56.438 | T72: he open the gripper then he go to the home poistion which is wrong. | U72: voice | V72: instant rule | W72: yes | X72: curve | Y72: yes | Z72: 4 of 28 | AA72: 49.836 | AB72: 23.106 | AC72: 33.332 | AD72: final | AE72: pick up the leftmost vitamin tube | AF72: success | AG72: trial_168_LB_S5 | AH72: viewer | AI72: video
A73: 169 | B73: 2026-09-30 | D73: Layout B | E73: S6 | F73: S6: Pointing only (with confirmation) | G73: L1 single-step, explicit | H73: M1;M3 | I73: Pick for me this item. | J73: wooden_maze_puzzle | K73: home then drop_left | L73: yes | M73: yes | N73: yes | O73: yes | P73: yes | Q73: yes | R73: 12.619 | S73: 78.085 | U73: voice | V73: instant rule | X73: curve | Y73: no | Z73: 1 of 20 | AA73: 66.829 | AB73: 44.574 | AC73: 33.511 | AD73: final | AE73: pick up the wooden maze puzzle | AF73: success | AG73: trial_169_LB_S6 | AH73: viewer | AI73: video
A74: 170 | B74: 2026-09-30 | D74: Layout B | E74: S6 | F74: S6: Pointing only (with confirmation) | G74: L1 single-step, explicit | I74: Give me this vitamin bit. | J74: vitamin_B12 | K74: home | L74: yes | M74: yes | N74: yes | O74: yes | P74: yes | Q74: yes | R74: 18.52 | S74: 40.971 | U74: voice | V74: instant rule | W74: yes | X74: curve | Y74: yes | Z74: 9 of 24 | AA74: 38.81 | AB74: 15.656 | AC74: 25.315 | AD74: final | AE74: pick up the leftmost vitamin tube | AF74: success | AG74: trial_170_LB_S6 | AH74: viewer | AI74: video
A75: 171 | B75: 2026-09-30 | D75: Layout B | E75: S7 | F75: S7: Moving without grasping | G75: L1 single-step, explicit | H75: M1 | I75: Now Morty, look at the right position. | J75: — | K75: — | R75: 14.874 | U75: voice | V75: language model | AD75: final | AE75: look to the right | AF75: unknown | AG75: trial_171_LB_S7 | AH75: viewer | AI75: video
A76: 172 | B76: 2026-09-30 | D76: Layout C | E76: S1 | F76: S1: Available objects — no physical action | G76: L1 single-step, explicit | I76: Morty, list all the objects that you can see right now. | J76: — | K76: — | U76: voice | AD76: final | AG76: trial_172_LC_S1 | AI76: video
A77: 173 | B77: 2026-09-30 | D77: Layout C | E77: S2 | F77: S2: Object NOT in scene ('give me the book') | G77: L1 single-step, explicit | I77: Give me the remote control. | J77: tape_dispenser | K77: — | U77: voice | AD77: final | AG77: trial_173_LC_S2 | AI77: video
A78: 174 | B78: 2026-09-30 | D78: Layout C | E78: S3 | F78: S3: One of a kind among others — ask for it | G78: L1 single-step, explicit | I78: Could you give me the vitamin C? | J78: vitamin_c | K78: drop_right | L78: yes | M78: yes | N78: yes | O78: yes | P78: yes | Q78: yes | R78: 2.314 | S78: 35.175 | T78: he didtn know where he is for a second and thought he can move once again. | U78: voice | V78: instant rule | W78: yes | X78: curve | Y78: yes | Z78: 1 of 34 | AA78: 29.625 | AB78: 20.167 | AC78: 15.008 | AD78: final | AE78: pick up the yellow vitamin tube | AF78: success | AG78: trial_174_LC_S3 | AH78: viewer | AI78: video
A79: 175 | B79: 2026-10-01 | D79: Layout C | E79: S1 | F79: S1: Available objects — no physical action | G79: L1 single-step, explicit | I79: List to me all objects that you can see right now. | J79: tape_dispenser | K79: — | U79: voice | AD79: final | AG79: trial_175_LC_S1 | AI79: video
A80: 176 | B80: 2026-10-01 | D80: Layout C | E80: S2 | F80: S2: Object NOT in scene ('give me the book') | G80: L1 single-step, explicit | I80: Do you see my headphones Can you grasp it for me | J80: Headphones | K80: — | U80: voice | AD80: final | AG80: trial_176_LC_S2 | AI80: video
A81: 178 | B81: 2026-10-01 | D81: Layout C | E81: S4 | F81: S4: Two same kind — clarify by words (left/right/colour) | G81: L1 single-step, explicit | H81: M1 | I81: Morty, give me the vitamin tube. | J81: vitamin_Multivitamin | K81: drop_right | L81: yes | M81: yes | N81: yes | O81: yes | P81: yes | Q81: yes | R81: 109.268 | S81: 137.921 | U81: voice | V81: instant rule | W81: yes | X81: curve | Y81: yes | Z81: 1 of 28 | AA81: 131.656 | AB81: 9.569 | AC81: 128.352 | AD81: final | AE81: pick up the blue vitamin tube | AF81: success | AG81: trial_178_LC_S4 | AH81: viewer | AI81: video
A82: 180 | B82: 2026-10-01 | D82: Layout A | E82: S4 | F82: S4: Two same kind — clarify by words (left/right/colour) | G82: L1 single-step, explicit | H82: M1 | I82: Morty, grasp. | J82: vitamin_Multivitamin | K82: drop_right | L82: yes | M82: yes | N82: yes | O82: yes | P82: yes | Q82: yes | R82: 6.839 | S82: 38.159 | U82: voice | V82: language model | W82: yes | X82: curve | Y82: yes | Z82: 1 of 29 | AA82: 31.679 | AB82: 11.452 | AC82: 26.707 | AD82: final | AE82: pick up the second vitamin tube from the left | AF82: success | AG82: trial_180_LA_S4 | AH82: viewer | AI82: video
A83: 181 | B83: 2026-10-01 | D83: Layout A | E83: S5 | F83: S5: Two same kind — clarify by pointing | G83: L1 single-step, explicit | I83: Crust form is a vitamin tube. | J83: vitamin_B12 | K83: drop_left | L83: yes | M83: yes | N83: yes | O83: yes | P83: yes | Q83: yes | R83: 31.595 | S83: 80.051 | U83: voice | V83: instant rule | W83: yes | X83: curve | Y83: no | Z83: 1 of 26 | AA83: 66.269 | AB83: 36.509 | AC83: 43.542 | AD83: final | AE83: pick up the leftmost vitamin tube | AF83: success | AG83: trial_181_LA_S5 | AH83: viewer | AI83: video
A84: 182 | B84: 2026-10-01 | D84: Layout C | E84: S6 | F84: S6: Pointing only (with confirmation) | G84: L1 single-step, explicit | I84: Yes, grasp it. | J84: vitamin_c | K84: drop_left | L84: yes | M84: yes | N84: yes | O84: yes | P84: yes | Q84: yes | R84: 1.939 | S84: 38.722 | U84: voice | V84: instant rule | W84: yes | X84: curve | Y84: yes | Z84: 2 of 16 | AA84: 29.235 | AB84: 25.554 | AC84: 13.168 | AD84: final | AE84: pick up the rightmost vitamin tube | AF84: success | AG84: trial_182_LC_S6 | AH84: viewer | AI84: video
A85: 183 | B85: 2026-10-01 | D85: Layout C | E85: S7 | F85: S7: Moving without grasping | G85: L1 single-step, explicit | I85: Morty look at the right. | J85: — | K85: — | L85: yes | R85: 4.534 | U85: voice | V85: language model | AD85: final | AE85: look to the right | AF85: unknown | AG85: trial_183_LC_S7 | AH85: viewer | AI85: video
A86: 184 | B86: 2026-10-01 | D86: Layout C | E86: S1 | F86: S1: Available objects — no physical action | G86: L1 single-step, explicit | I86: Could you describe the scene for me? | J86: — | K86: — | L86: yes | M86: yes | Q86: yes | U86: voice | AD86: final | AG86: trial_184_LC_S1 | AI86: video
A87: 177 | B87: 2026-10-01 | D87: Layout C | E87: S3 | F87: S3: One of a kind among others — ask for it | G87: L1 single-step, explicit | I87: Grasp for me the small bottle. | J87: small_bottle | K87: drop_left then home | L87: yes | M87: yes | N87: yes | O87: yes | P87: yes | Q87: yes | R87: 2.167 | S87: 48.033 | U87: voice | V87: instant rule | W87: yes | X87: curve | Y87: yes | Z87: 1 of 31 | AA87: 46.175 | AB87: 27.487 | AC87: 20.546 | AD87: final | AE87: pick up the small bottle | AF87: success | AG87: trial_177_LC_S3 | AH87: viewer | AI87: video
A88: 186 | B88: 2026-10-01 | D88: Layout C | E88: S2 | F88: S2: Object NOT in scene ('give me the book') | G88: L1 single-step, explicit | H88: M2 | I88: Tell me a small story and bring me the stable. | J88: stapler | K88: — | L88: yes | M88: yes | Q88: yes | T88: he understand kind correctly but he didnt tell me the story from the first time. | U88: voice | AD88: final | AG88: trial_186_LC_S2 | AI88: video
A89: 187 | B89: 2026-10-01 | D89: Layout A | E89: S3 | F89: S3: One of a kind among others — ask for it | G89: L1 single-step, explicit | I89: Crasp the small bottle. | J89: small_bottle | K89: drop_right | L89: yes | M89: yes | N89: yes | O89: yes | P89: yes | Q89: yes | R89: 4.55 | S89: 47.644 | U89: voice | V89: language model | W89: yes | X89: curve | Y89: yes | Z89: 1 of 23 | AA89: 33.702 | AB89: 25.299 | AC89: 22.345 | AD89: final | AE89: pick up the small bottle | AF89: success | AG89: trial_187_LA_S3 | AH89: viewer | AI89: video

Sheet Stage times
E1: Interaction | F1: Voice | J1: Choice | K1: Perception | L1: GraspGen | P1: Execution plan | V1: Motion | AA1: Totals | AE1: Dialogue
A2: Trial ID | B2: Date | C2: Scenario ID | D2: Started by | E2: Interaction Time: command given → arm starts moving (s) | F2: End of your voice → transcript (s) | G2: You stopped speaking → command (s) | H2: Understanding: transcript → command (s) | I2: Understood by | J2: Command → object chosen, incl. clarification (s) | K2: Object chosen → grasp candidates (s) | L2: GraspGen in background? | M2: GraspGen compute (s) | N2: GraspGen waited for after the choice (s) | O2: GraspGen ready before the choice (s) | P2: Execution plan | Q2: Plan checked in background? | R2: Plan compute (s) | S2: Candidates → motion start (s) | T2: Grasp executed | U2: Grasps checked | V2: Approach (s) | W2: Arrival → grasp verdict (s) | X2: Waiting for the drop side (s) | Y2: Transport to the drop (s) | Z2: Motion start → home (s) | AA2: Command → object handed over (s) | AB2: Waiting for your answers (s) | AC2: Robot time (s) | AD2: Total (s) | AE2: Morty's questions | AF2: Your sentences | AG2: Path | AH2: Times | AI2: Window was late by, max (s)
A3: 086 | B3: 2026-09-28 | C3: S1 | D3: voice | F3: 1.753 | AE3: 0 | AF3: 1 | AH3: final | AI3: 0.234
A4: 087 | B4: 2026-09-28 | C4: S2 | D4: voice | F4: 1.278 | AE4: 1 | AF4: 1 | AH4: final | AI4: 0.191
A5: 088 | B5: 2026-09-28 | C5: S3 | D5: voice | E5: 5.21 | F5: 1.301 | G5: 1.312 | H5: 0.011 | I5: instant rule | J5: 3.222 | K5: 0.46 | L5: yes | M5: 2.143 | N5: 0 | O5: 17.257 | P5: curve | Q5: yes | R5: 0.751 | S5: 0.209 | T5: 1 of 26 | U5: 1 | V5: 2.602 | W5: 1.03 | X5: 6.981 | Z5: 41.171 | AA5: 32.542 | AB5: 21.106 | AC5: 23.974 | AD5: 45.08 | AE5: 4 | AF5: 4 | AG5: precomputed | AH5: final | AI5: 0.299
A6: 089 | B6: 2026-09-28 | C6: S4 | D6: voice | E6: 11.901 | F6: 1.229 | G6: 1.235 | H6: 0.006 | I6: instant rule | J6: 10.218 | K6: 0.28 | L6: yes | M6: 2.348 | N6: 0 | O6: 110.713 | P6: curve | Q6: yes | R6: 0.594 | S6: 0.153 | T6: 1 of 11 | U6: 1 | V6: 2.695 | W6: 0.938 | X6: 7.72 | Z6: 38.883 | AA6: 37.421 | AB6: 22.598 | AC6: 26.957 | AD6: 49.555 | AE6: 5 | AF6: 5 | AG6: precomputed | AH6: final | AI6: 0.342
A7: 090 | B7: 2026-09-28 | C7: S5 | D7: voice | E7: 10.304 | F7: 1.291 | G7: 1.297 | H7: 0.006 | I7: instant rule | J7: 8.512 | K7: 0.346 | L7: yes | M7: 2.508 | N7: 0 | O7: 261.074 | P7: curve | Q7: yes | R7: 2.609 | S7: 0.136 | T7: 3 of 24 | U7: 1 | V7: 2.603 | W7: 1.05 | X7: 7.371 | Z7: 40.426 | AA7: 37.947 | AB7: 19.917 | AC7: 29.522 | AD7: 49.439 | AE7: 5 | AF7: 4 | AG7: precomputed | AH7: final | AI7: 0.709
A8: 091 | B8: 2026-09-28 | C8: S6 | D8: pointing/click | E8: 0.511 | K8: 0.343 | L8: yes | M8: 1.574 | N8: 0 | O8: 67.783 | P8: curve | Q8: yes | R8: 0.886 | S8: 0.157 | T8: 1 of 25 | U8: 1 | V8: 2.592 | W8: 1.033 | X8: 17.209 | Z8: 46.561 | AA8: 39.692 | AB8: 28.371 | AC8: 18.701 | AD8: 47.072 | AE8: 3 | AF8: 2 | AG8: precomputed | AH8: final | AI8: 0.287
A9: 092 | B9: 2026-09-28 | C9: S1 | D9: voice | F9: 1.262 | AE9: 0 | AF9: 1 | AH9: final | AI9: 3.106
A10: 093 | B10: 2026-09-28 | C10: S2 | D10: voice | F10: 1.144 | AE10: 0 | AF10: 1 | AH10: final | AI10: 0.919
A11: 094 | B11: 2026-09-28 | C11: S3 | D11: voice | E11: 9.442 | F11: 1.631 | G11: 2.867 | H11: 1.236 | I11: language model | J11: 4.346 | K11: 0.47 | L11: yes | M11: 1.796 | N11: 0 | O11: 1811.875 | P11: curve | Q11: no | R11: 1.565 | S11: 1.752 | T11: 1 of 20 | U11: 1 | V11: 2.62 | W11: 1.01 | X11: 12.801 | Z11: 37.677 | AA11: 43.736 | AB11: 21.857 | AC11: 23.631 | AD11: 45.488 | AE11: 3 | AF11: 4 | AG11: precomputed | AH11: final | AI11: 3.191
A12: 095 | B12: 2026-09-28 | C12: S3 | D12: voice | E12: 4.194 | F12: 1.629 | G12: 2.586 | H12: 0.957 | I12: language model | J12: 1.349 | K12: 0.141 | L12: yes | M12: 1.336 | N12: 0 | O12: 34.711 | P12: curve | Q12: yes | R12: 3.04 | S12: 0.106 | T12: 3 of 18 | U12: 1 | V12: 2.643 | W12: 0.974 | X12: 8.196 | Z12: 36.647 | AA12: 29.932 | AB12: 20.712 | AC12: 18.5 | AD12: 39.212 | AE12: 4 | AF12: 4 | AG12: precomputed | AH12: final | AI12: 0.281
A13: 097 | B13: 2026-09-28 | C13: S5 | D13: voice | E13: 12.254 | F13: 2.379 | G13: 3.504 | H13: 1.125 | I13: language model | J13: 7.584 | K13: 0.186 | L13: yes | M13: 0.965 | N13: 0 | O13: 702.242 | P13: curve | Q13: no | R13: 0.772 | S13: 0.971 | T13: 1 of 24 | U13: 1 | V13: 2.597 | W13: 1.026 | X13: 7.951 | Z13: 34.518 | AA13: 39.29 | AB13: 16.688 | AC13: 27.705 | AD13: 44.393 | AE13: 4 | AF13: 3 | AG13: precomputed | AH13: final | AI13: 0.246
A14: 096 | B14: 2026-09-28 | C14: S4 | D14: voice | E14: 12.069 | F14: 1.237 | G14: 1.24 | H14: 0.003 | I14: instant rule | J14: 10.393 | K14: 0.255 | L14: yes | M14: 1.528 | N14: 0 | O14: 32.252 | P14: curve | Q14: yes | R14: 0.878 | S14: 0.162 | T14: 2 of 25 | U14: 1 | V14: 2.594 | W14: 1.033 | X14: 6.6 | Z14: 29.784 | AA14: 38.474 | AB14: 14.79 | AC14: 25.826 | AD14: 40.616 | AE14: 4 | AF14: 4 | AG14: precomputed | AH14: final | AI14: 0.298
A15: 099 | B15: 2026-09-28 | C15: S3 | D15: voice | E15: 2.966 | F15: 1.35 | G15: 1.357 | H15: 0.007 | I15: instant rule | J15: 1.2 | K15: 0.216 | L15: yes | M15: 1.764 | N15: 0 | O15: 92.917 | P15: curve | Q15: yes | R15: 1.958 | S15: 0.176 | T15: 2 of 13 | U15: 1 | V15: 2.595 | W15: 1.031 | X15: 5.999 | Z15: 40.669 | AA15: 25.188 | AB15: 21.286 | AC15: 20.999 | AD15: 42.285 | AE15: 4 | AF15: 5 | AG15: precomputed | AH15: final | AI15: 0.292
A16: 100 | B16: 2026-09-28 | C16: S3 | D16: voice | E16: 6.371 | F16: 3.626 | G16: 4.718 | H16: 1.092 | I16: language model | J16: 1.241 | K16: 0.263 | L16: yes | M16: 3.618 | N16: 0 | O16: 47.336 | P16: curve | Q16: yes | R16: 5.956 | S16: 0.145 | T16: 5 of 17 | U16: 1 | V16: 2.598 | W16: 1.022 | X16: 8.836 | Z16: 30.779 | AA16: 33.765 | AB16: 15.565 | AC16: 17.959 | AD16: 33.524 | AE16: 3 | AF16: 3 | AG16: precomputed | AH16: final | AI16: 3.122
A17: 101 | B17: 2026-09-28 | C17: S4 | D17: voice | E17: 21.338 | F17: 3.289 | G17: 3.321 | H17: 0.032 | I17: instant rule | J17: 17.573 | K17: 0.247 | L17: yes | M17: 2.562 | N17: 0 | O17: 53.718 | P17: curve | Q17: yes | R17: 0.859 | S17: 0.183 | T17: 1 of 16 | U17: 1 | V17: 2.588 | W17: 1.036 | X17: 7.665 | Z17: 63.178 | AA17: 62.726 | AB17: 34.836 | AC17: 46.391 | AD17: 81.227 | AE17: 10 | AF17: 10 | AG17: precomputed | AH17: final | AI17: 0.359
A18: 105 | B18: 2026-09-28 | C18: S1 | D18: voice | F18: 1.41 | AE18: 0 | AF18: 1 | AH18: final | AI18: 0.846
A19: 107 | B19: 2026-09-28 | C19: S2 | D19: voice | F19: 1.132 | G19: 1.138 | H19: 0.006 | I19: instant rule | AE19: 0 | AF19: 1 | AH19: final | AI19: 0.212
A20: 108 | B20: 2026-09-28 | C20: S3 | D20: voice | E20: 3.759 | F20: 1.15 | G20: 2.47 | H20: 1.32 | I20: language model | J20: 0.881 | K20: 0.259 | L20: yes | M20: 2.135 | N20: 0 | O20: 896.557 | P20: curve | Q20: yes | R20: 5.297 | S20: 0.129 | T20: 4 of 19 | U20: 1 | V20: 2.597 | W20: 1.031 | X20: 9.88 | Z20: 25.471 | AA20: 25.893 | AB20: 9.713 | AC20: 18.367 | AD20: 28.08 | AE20: 2 | AF20: 2 | AG20: precomputed | AH20: final | AI20: 0.275
A21: 109 | B21: 2026-09-28 | C21: S4 | D21: voice | E21: 12.288 | F21: 1.146 | G21: 1.365 | H21: 0.219 | I21: language model | J21: 10.396 | K21: 0.349 | L21: yes | M21: 2.776 | N21: 0 | O21: 971.692 | P21: curve | Q21: yes | R21: 1.189 | S21: 0.171 | T21: 1 of 23 | U21: 1 | V21: 2.59 | W21: 1.037 | X21: 6.256 | Z21: 30.545 | AA21: 39.452 | AB21: 14.872 | AC21: 26.815 | AD21: 41.687 | AE21: 4 | AF21: 4 | AG21: precomputed | AH21: final | AI21: 3.273
A22: 110 | B22: 2026-09-28 | C22: S5 | D22: voice | E22: 26.027 | F22: 1.163 | G22: 1.171 | H22: 0.008 | I22: instant rule | J22: 24.441 | K22: 0.262 | L22: yes | M22: 2.292 | N22: 0 | O22: 42.597 | P22: curve | Q22: yes | R22: 1.058 | S22: 0.132 | T22: 1 of 15 | U22: 1 | V22: 2.59 | W22: 1.041 | X22: 8.621 | Z22: 38.001 | AA22: 56.328 | AB22: 32.296 | AC22: 30.569 | AD22: 62.865 | AE22: 5 | AF22: 6 | AG22: precomputed | AH22: final | AI22: 3.152
A23: 111 | B23: 2026-09-28 | C23: S6 | D23: voice | E23: 1.465 | F23: 0.914 | G23: 0.956 | H23: 0.042 | I23: instant rule | J23: 0.134 | K23: 0.221 | L23: yes | M23: 2.283 | N23: 0 | O23: 141.099 | P23: curve | Q23: yes | R23: 0.933 | S23: 0.149 | T23: 1 of 13 | U23: 1 | V23: 2.59 | W23: 1.027 | X23: 9.227 | Z23: 27.636 | AA23: 21.35 | AB23: 20.118 | AC23: 8.069 | AD23: 28.187 | AE23: 3 | AF23: 2 | AG23: precomputed | AH23: final | AI23: 0.298
A24: 112 | B24: 2026-09-28 | C24: S7 | D24: voice | E24: 3.814 | F24: 1.645 | G24: 3.079 | H24: 1.434 | I24: language model | AE24: 0 | AF24: 1 | AH24: final | AI24: 0.19
A25: 114 | B25: 2026-09-29 | C25: S7 | D25: voice | E25: 9.284 | F25: 1.473 | G25: 4.213 | H25: 2.74 | I25: language model | AE25: 0 | AF25: 3 | AH25: final | AI25: 0.238
A26: 113 | B26: 2026-09-29 | C26: S7 | D26: voice | E26: 5.12 | F26: 1.627 | G26: 3.466 | H26: 1.839 | I26: language model | AE26: 0 | AF26: 1 | AH26: final | AI26: 0.283
A27: 115 | B27: 2026-09-29 | C27: S6 | D27: voice | E27: 6.231 | F27: 1.44 | G27: 2.99 | H27: 1.55 | I27: language model | J27: 0.606 | K27: 0.738 | L27: yes | M27: 4.528 | N27: 0 | O27: 0.251 | P27: curve | Q27: no | R27: 1.608 | S27: 1.881 | T27: 1 of 28 | U27: 1 | V27: 2.605 | W27: 1.022 | X27: 18.365 | Z27: 38.417 | AA27: 36.388 | AB27: 26.749 | AC27: 16.459 | AD27: 43.208 | AE27: 3 | AF27: 3 | AG27: precomputed | AH27: final | AI27: 0.258
A28: 116 | B28: 2026-09-29 | C28: S1 | D28: voice | F28: 1.307 | AE28: 0 | AF28: 1 | AH28: final | AI28: 0.389
A29: 117 | B29: 2026-09-29 | C29: S2 | D29: voice | F29: 0.992 | AE29: 1 | AF29: 3 | AH29: final | AI29: 0.981
A30: 118 | B30: 2026-09-29 | C30: S1 | D30: voice | E30: 4.319 | F30: 1.266 | G30: 2.573 | H30: 1.307 | I30: language model | J30: 1.426 | K30: 0.148 | L30: yes | M30: 1.255 | N30: 0 | O30: 77.818 | P30: curve | Q30: yes | R30: 3.483 | S30: 0.158 | T30: 2 of 15 | U30: 1 | V30: 2.603 | W30: 1.021 | Z30: 28.633 | AA30: 25.51 | AB30: 10.643 | AC30: 21.043 | AD30: 31.686 | AE30: 2 | AF30: 2 | AG30: precomputed | AH30: final | AI30: 0.193
A31: 119 | B31: 2026-09-29 | C31: S4 | D31: voice | E31: 20.473 | F31: 1.198 | G31: 2.428 | H31: 1.274 | I31: language model | J31: 0.781 | K31: 2.721 | L31: no | M31: 0.193 | N31: 0.193 | P31: curve | Q31: no | R31: 0.821 | S31: 0.951 | T31: 1 of 35 | U31: 1 | V31: 2.593 | W31: 1.029 | X31: 8.113 | Z31: 39.189 | AA31: 47.074 | AB31: 19.485 | AC31: 38.979 | AD31: 58.464 | AE31: 5 | AF31: 5 | AG31: fresh | AH31: final | AI31: 0.246
A32: 120 | B32: 2026-09-29 | C32: S5 | D32: voice | E32: 26.045 | F32: 1.465 | G32: 1.473 | H32: 0.008 | I32: instant rule | J32: 23.991 | K32: 0.425 | L32: yes | M32: 3.814 | N32: 0 | O32: 55.574 | P32: curve | Q32: yes | R32: 0.937 | S32: 0.15 | T32: 1 of 21 | U32: 1 | V32: 2.593 | W32: 1.037 | X32: 7.663 | Z32: 34.527 | AA32: 52.928 | AB32: 22.082 | AC32: 37.025 | AD32: 59.107 | AE32: 5 | AF32: 4 | AG32: precomputed | AH32: final | AI32: 0.254
A33: 121 | B33: 2026-09-29 | C33: S6 | D33: voice | E33: 20.478 | F33: 1.22 | G33: 2.275 | H33: 1.055 | I33: language model | J33: 17.812 | K33: 0.223 | L33: yes | M33: 1.493 | N33: 0 | O33: 49.175 | P33: curve | Q33: yes | R33: 0.719 | S33: 0.153 | T33: 1 of 22 | U33: 1 | V33: 2.602 | W33: 1.024 | X33: 7.658 | Z33: 49.963 | AA33: 58.532 | AB33: 53.559 | AC33: 15.662 | AD33: 69.221 | AE33: 6 | AF33: 7 | AG33: precomputed | AH33: final | AI33: 0.268
A34: 122 | B34: 2026-09-29 | C34: S7 | D34: voice | E34: 3.012 | F34: 1.333 | G34: 2.58 | H34: 1.247 | I34: language model | AE34: 0 | AF34: 3 | AH34: final | AI34: 0.236
A35: 123 | B35: 2026-09-29 | C35: S1 | D35: voice | F35: 2.289 | AE35: 0 | AF35: 1 | AH35: final | AI35: 0.211
A36: 124 | B36: 2026-09-29 | C36: S2 | D36: voice | F36: 1.263 | AE36: 0 | AF36: 2 | AH36: final | AI36: 1.169
A37: 126 | B37: 2026-09-29 | C37: S4 | D37: voice | E37: 26.927 | F37: 1.192 | G37: 1.197 | H37: 0.005 | I37: instant rule | J37: 22.376 | K37: 2.124 | L37: no | M37: 0.206 | N37: 0.206 | P37: curve | Q37: no | R37: 1.018 | S37: 1.222 | T37: 1 of 26 | U37: 1 | V37: 2.588 | W37: 1.044 | X37: 8.31 | Z37: 61.207 | AA37: 80.675 | AB37: 37.635 | AC37: 49.307 | AD37: 86.942 | AE37: 7 | AF37: 8 | AG37: fresh | AH37: final | AI37: 0.428
A38: 127 | B38: 2026-09-29 | C38: S5 | D38: voice | E38: 10.564 | F38: 1.255 | G38: 1.26 | H38: 0.005 | I38: instant rule | J38: 8.896 | K38: 0.24 | L38: yes | M38: 7.144 | N38: 0 | O38: 74.795 | P38: curve | Q38: yes | R38: 1.097 | S38: 0.166 | T38: 2 of 25 | U38: 1 | V38: 2.595 | W38: 1.024 | X38: 11.581 | Z38: 35.332 | AA38: 42.515 | AB38: 20.571 | AC38: 24.07 | AD38: 44.641 | AE38: 6 | AF38: 5 | AG38: precomputed | AH38: final | AI38: 0.292
A39: 128 | B39: 2026-09-29 | C39: S6 | D39: voice | E39: 18.053 | F39: 1.521 | G39: 0.961 | H39: 0.004 | I39: instant rule | J39: 0.054 | K39: 0.173 | L39: yes | M39: 1.957 | N39: 0 | O39: 267.608 | P39: curve | Q39: yes | R39: 0.783 | S39: 0.115 | T39: 1 of 17 | U39: 1 | V39: 2.587 | W39: 1.034 | X39: 7.651 | Z39: 37.022 | AA39: 47.578 | AB39: 40.775 | AC39: 12.779 | AD39: 53.554 | AE39: 7 | AF39: 6 | AG39: precomputed | AH39: final | AI39: 0.273
A40: 129 | B40: 2026-09-29 | C40: S7 | D40: voice | E40: 2.44 | F40: 1.288 | G40: 2.223 | H40: 0.935 | I40: language model | AE40: 1 | AF40: 5 | AH40: final | AI40: 0.236
A41: 125 | B41: 2026-09-29 | C41: S3 | D41: voice | E41: 4.418 | F41: 2.201 | G41: 3.579 | H41: 1.378 | I41: language model | J41: 0.508 | K41: 0.19 | L41: yes | M41: 1.325 | N41: 0 | O41: 38.581 | P41: curve | Q41: yes | R41: 0.994 | S41: 0.139 | T41: 1 of 20 | U41: 1 | V41: 2.608 | W41: 1.033 | X41: 8.816 | Z41: 40.255 | AA41: 41.29 | AB41: 22.275 | AC41: 20.197 | AD41: 42.472 | AE41: 4 | AF41: 4 | AG41: precomputed | AH41: final | AI41: 0.291
A42: 131 | B42: 2026-09-30 | C42: S2 | D42: voice | F42: 1.164 | AE42: 0 | AF42: 1 | AH42: final | AI42: 1.118
A43: 132 | B43: 2026-09-30 | C43: S2 | D43: voice | F43: 1.135 | AE43: 0 | AF43: 1 | AH43: final | AI43: 1.149
A44: 133 | B44: 2026-09-30 | C44: S3 | D44: voice | E44: 3.806 | F44: 1.174 | G44: 1.188 | H44: 0.014 | I44: instant rule | J44: 1.388 | K44: 0.293 | L44: yes | M44: 2.743 | N44: 0 | O44: 18.103 | Q44: yes | R44: 0.56 | S44: 0.181 | T44: 1 of 6 | U44: 1 | V44: 2.559 | W44: 1.057 | X44: 19.666 | Z44: 48.367 | AA44: 44.711 | AB44: 30.328 | AC44: 20.671 | AD44: 50.999 | AE44: 4 | AF44: 4 | AG44: precomputed | AH44: final | AI44: 0.223
A45: 135 | B45: 2026-09-30 | C45: S4 | D45: voice | E45: 15.695 | F45: 1.192 | G45: 2.494 | H45: 1.324 | I45: language model | J45: 0.807 | K45: 0.244 | L45: yes | M45: 1.825 | N45: 0 | O45: 387.267 | P45: curve | Q45: yes | R45: 1.784 | S45: 0.145 | T45: 2 of 21 | U45: 1 | V45: 2.595 | W45: 1.032 | X45: 8.258 | Z45: 41.439 | AA45: 53.752 | AB45: 22.652 | AC45: 33.29 | AD45: 55.942 | AE45: 5 | AF45: 5 | AG45: precomputed | AH45: final | AI45: 0.276
A46: 136 | B46: 2026-09-30 | C46: S5 | D46: voice | E46: 37.298 | F46: 1.145 | G46: 1.148 | H46: 0.003 | I46: instant rule | J46: 35.858 | K46: 0.176 | L46: yes | M46: 1.874 | N46: 0 | O46: 625.081 | P46: curve | Q46: yes | R46: 4.246 | S46: 0.115 | T46: 6 of 19 | U46: 1 | V46: 2.593 | W46: 1.023 | X46: 8.103 | Z46: 29.012 | AA46: 62.936 | AB46: 33.064 | AC46: 32.101 | AD46: 65.165 | AE46: 7 | AF46: 7 | AG46: precomputed | AH46: final | AI46: 0.261
A47: 137 | B47: 2026-09-30 | C47: S6 | D47: voice | E47: 10.847 | F47: 1.157 | G47: 0.827 | H47: 0.02 | I47: instant rule | J47: 0.185 | K47: 0.199 | L47: yes | M47: 1.423 | N47: 0 | O47: 12.275 | P47: curve | Q47: yes | R47: 0.771 | S47: 0.127 | T47: 1 of 23 | U47: 1 | V47: 2.592 | W47: 1.025 | X47: 9.562 | Z47: 60.914 | AA47: 56.798 | AB47: 53.559 | AC47: 17.045 | AD47: 70.604 | AE47: 9 | AF47: 7 | AG47: precomputed | AH47: final | AI47: 0.281
A48: 138 | B48: 2026-09-30 | C48: S7 | D48: voice | E48: 36.438 | F48: 2.219 | G48: 2.444 | H48: 1.165 | I48: language model | AE48: 3 | AF48: 7 | AH48: final | AI48: 0.191
A49: 139 | B49: 2026-09-30 | C49: S1 | D49: voice | F49: 1.262 | AE49: 0 | AF49: 1 | AH49: final | AI49: 0.15
A50: 140 | B50: 2026-09-30 | C50: S2 | D50: voice | F50: 1.254 | AE50: 0 | AF50: 1 | AH50: final | AI50: 0.207
A51: 143 | B51: 2026-09-30 | C51: S3 | D51: voice | E51: 5.313 | F51: 1.175 | G51: 2.351 | H51: 1.176 | I51: language model | J51: 1.189 | K51: 1.151 | L51: no | M51: 0.259 | N51: 0.259 | P51: curve | Q51: no | R51: 0.541 | S51: 0.622 | T51: 1 of 33 | U51: 1 | V51: 2.602 | W51: 1.026 | X51: 6.383 | Z51: 27.32 | AA51: 29.264 | AB51: 12.644 | AC51: 18.814 | AD51: 31.458 | AE51: 3 | AF51: 3 | AG51: fresh | AH51: final | AI51: 0.224
A52: 144 | B52: 2026-09-30 | C52: S4 | D52: voice | E52: 53.848 | F52: 1.464 | G52: 2.465 | H52: 1.001 | I52: language model | J52: 51.046 | K52: 0.188 | L52: yes | M52: 1.239 | N52: 0 | O52: 13.345 | P52: curve | Q52: yes | R52: 0.895 | S52: 0.136 | T52: 1 of 21 | U52: 11 | V52: 2.591 | W52: 1.03 | X52: 8.494 | Z52: 32.106 | AA52: 82.585 | AB52: 17.351 | AC52: 67.139 | AD52: 84.49 | AE52: 6 | AF52: 7 | AG52: precomputed | AH52: final | AI52: 0.528
A53: 146 | B53: 2026-09-30 | C53: S6 | D53: voice | E53: 8.105 | F53: 1.375 | G53: 1.03 | H53: 0.009 | I53: instant rule | J53: 0.197 | K53: 0.524 | L53: yes | M53: 2.738 | N53: 0 | O53: 392.412 | P53: curve | Q53: yes | R53: 5.455 | S53: 0.152 | T53: 6 of 19 | U53: 1 | V53: 2.602 | W53: 1.051 | X53: 9.652 | Z53: 27.204 | AA53: 28.794 | AB53: 15.158 | AC53: 18.776 | AD53: 33.934 | AE53: 3 | AF53: 3 | AG53: precomputed | AH53: final | AI53: 0.244
A54: 147 | B54: 2026-09-30 | C54: S7 | D54: voice | E54: 5.262 | F54: 1.354 | G54: 2.149 | H54: 1.037 | I54: language model | AE54: 3 | AF54: 8 | AH54: final | AI54: 0.228
A55: 148 | B55: 2026-09-30 | C55: S1 | D55: voice | F55: 1.487 | AE55: 0 | AF55: 1 | AH55: final | AI55: 0.159
A56: 149 | B56: 2026-09-30 | C56: S2 | D56: voice | F56: 1.243 | AE56: 0 | AF56: 1 | AH56: final | AI56: 0.611
A57: 150 | B57: 2026-09-30 | C57: S3 | D57: voice | E57: 2.955 | F57: 1.143 | G57: 1.151 | H57: 0.008 | I57: instant rule | J57: 1.312 | K57: 0.366 | L57: yes | M57: 5.448 | N57: 0 | O57: 246.68 | P57: curve | Q57: yes | R57: 0.684 | S57: 0.107 | T57: 1 of 27 | U57: 1 | V57: 2.665 | W57: 0.911 | X57: 8.96 | Z57: 35.514 | AA57: 32.105 | AB57: 20.652 | AC57: 16.674 | AD57: 37.326 | AE57: 3 | AF57: 3 | AG57: precomputed | AH57: final | AI57: 1.142
A58: 154 | B58: 2026-09-30 | C58: S6 | D58: voice | E58: 17.6 | F58: 1.134 | G58: 0.83 | H58: 0.014 | I58: instant rule | J58: 0.028 | K58: 0.137 | L58: yes | M58: 3.156 | N58: 0 | O58: 11.854 | P58: curve | Q58: yes | R58: 0.812 | S58: 0.16 | T58: 1 of 8 | U58: 1 | V58: 2.59 | W58: 1.037 | X58: 7.528 | Z58: 62.953 | AA58: 64.773 | AB58: 48.811 | AC58: 30.608 | AD58: 79.419 | AE58: 8 | AF58: 9 | AG58: precomputed | AH58: final | AI58: 0.235
A59: 151 | B59: 2026-09-30 | C59: S4 | D59: voice | E59: 21.687 | F59: 1.2 | G59: 1.203 | H59: 0.003 | I59: instant rule | J59: 19.967 | K59: 0.349 | L59: yes | M59: 2.216 | N59: 0 | O59: 14.802 | Q59: yes | R59: 4.113 | S59: 0.126 | T59: 4 of 20 | U59: 1 | V59: 2.594 | W59: 1.03 | X59: 12.334 | Z59: 33.944 | AA59: 48.152 | AB59: 12.314 | AC59: 42.117 | AD59: 54.431 | AE59: 4 | AF59: 4 | AG59: precomputed | AH59: final | AI59: 1.186
A60: 152 | B60: 2026-09-30 | C60: S5 | D60: voice | E60: 44.862 | F60: 1.363 | G60: 2.404 | H60: 1.041 | I60: language model | J60: 40.475 | K60: 0.517 | L60: yes | M60: 2.711 | N60: 0 | O60: 218.501 | P60: curve | Q60: no | R60: 1.281 | S60: 1.459 | T60: 1 of 19 | U60: 1 | V60: 2.59 | W60: 1.031 | X60: 7.563 | Z60: 37.171 | AA60: 74.55 | AB60: 39.345 | AC60: 41.325 | AD60: 80.67 | AE60: 7 | AF60: 6 | AG60: precomputed | AH60: final | AI60: 0.248
A61: 153 | B61: 2026-09-30 | C61: S6 | D61: voice | E61: 1.558 | F61: 1.103 | G61: 1.109 | H61: 0.006 | I61: instant rule | J61: 0.07 | K61: 0.183 | L61: yes | M61: 1.337 | N61: 0 | O61: 24.923 | P61: curve | Q61: yes | R61: 0.845 | S61: 0.18 | T61: 1 of 15 | U61: 1 | V61: 2.597 | W61: 1.024 | X61: 7.913 | Z61: 40.11 | AA61: 24.392 | AB61: 26.232 | AC61: 14.333 | AD61: 40.565 | AE61: 7 | AF61: 7 | AG61: precomputed | AH61: final | AI61: 0.247
A62: 155 | B62: 2026-09-30 | C62: S7 | D62: voice | E62: 2.713 | F62: 1.295 | G62: 2.203 | H62: 0.908 | I62: language model | AE62: 0 | AF62: 2 | AH62: final | AI62: 0.231
A63: 145 | B63: 2026-09-30 | C63: S5 | D63: voice | E63: 20.512 | F63: 1.454 | G63: 2.13 | H63: 1.17 | I63: language model | J63: 0.068 | K63: 1.7 | L63: no | M63: 0.17 | N63: 0.17 | P63: curve | Q63: no | R63: 7.293 | S63: 7.4 | T63: 8 of 23 | U63: 8 | V63: 2.586 | W63: 1.033 | X63: 6.687 | Z63: 34.545 | AA63: 43.936 | AB63: 19.238 | AC63: 34.365 | AD63: 53.603 | AE63: 6 | AF63: 6 | AG63: fresh | AH63: final | AI63: 0.224
A64: 156 | B64: 2026-09-30 | C64: S1 | D64: voice | F64: 1.267 | AE64: 0 | AF64: 1 | AH64: final | AI64: 0.213
A65: 157 | B65: 2026-09-30 | C65: S2 | D65: voice | F65: 1.282 | AE65: 0 | AF65: 1 | AH65: final | AI65: 1.289
A66: 158 | B66: 2026-09-30 | C66: S3 | D66: voice | E66: 2.715 | F66: 1.181 | G66: 1.184 | H66: 0.003 | I66: instant rule | J66: 1.176 | K66: 0.18 | L66: yes | M66: 1.661 | N66: 0 | O66: 18.071 | P66: curve | Q66: yes | R66: 0.734 | S66: 0.167 | T66: 1 of 6 | U66: 1 | V66: 2.637 | W66: 0.991 | X66: 5.89 | Z66: 58.375 | AA66: 53.626 | AB66: 26.823 | AC66: 33.086 | AD66: 59.909 | AE66: 7 | AF66: 7 | AG66: precomputed | AH66: final | AI66: 0.299
A67: 159 | B67: 2026-09-30 | C67: S4 | D67: voice | E67: 4.148 | F67: 1.432 | G67: 2.309 | H67: 0.877 | I67: language model | J67: 1.344 | K67: 0.318 | L67: yes | M67: 2.194 | N67: 0 | O67: 150.868 | P67: curve | Q67: yes | R67: 0.839 | S67: 0.158 | T67: 1 of 22 | U67: 1 | V67: 2.594 | W67: 1.023 | X67: 21.779 | Z67: 49.982 | AA67: 42.096 | AB67: 33.989 | AC67: 18.709 | AD67: 52.698 | AE67: 6 | AF67: 7 | AG67: precomputed | AH67: final | AI67: 0.227
A68: 160 | B68: 2026-09-30 | C68: S5 | D68: voice | E68: 17.197 | F68: 1.277 | G68: 2.522 | H68: 1.162 | I68: language model | J68: 0.033 | K68: 0.206 | L68: yes | M68: 1.185 | N68: 0 | O68: 51.172 | P68: curve | Q68: yes | R68: 0.691 | S68: 0.159 | T68: 1 of 27 | U68: 1 | V68: 2.589 | W68: 1.032 | X68: 9.756 | Z68: 27.871 | AA68: 37.72 | AB68: 19.002 | AC68: 24.789 | AD68: 43.791 | AE68: 4 | AF68: 3 | AG68: precomputed | AH68: final | AI68: 0.301
A69: 161 | B69: 2026-09-30 | C69: S6 | D69: voice | E69: 14.917 | F69: 1.202 | G69: 0.812 | H69: 0.004 | I69: instant rule | J69: 0.228 | K69: 0.319 | L69: yes | M69: 2.168 | N69: 0 | O69: 152.003 | P69: curve | Q69: no | R69: 2.44 | S69: 2.545 | T69: 2 of 22 | U69: 2 | V69: 2.584 | W69: 1.039 | X69: 9.163 | Z69: 33.568 | AA69: 36.209 | AB69: 20.198 | AC69: 27.085 | AD69: 47.283 | AE69: 5 | AF69: 5 | AG69: precomputed | AH69: final | AI69: 0.275
A70: 162 | B70: 2026-09-30 | C70: S7 | D70: voice | E70: 7.552 | F70: 1.195 | G70: 2.273 | H70: 1.089 | I70: language model | AE70: 1 | AF70: 5 | AH70: final | AI70: 0.329
A71: 163 | B71: 2026-09-30 | C71: S1 | D71: voice | F71: 1.255 | AE71: 0 | AF71: 1 | AH71: final | AI71: 0.17
A72: 164 | B72: 2026-09-30 | C72: S2 | D72: voice | F72: 1.129 | G72: 1.134 | H72: 0.005 | I72: instant rule | AE72: 0 | AF72: 1 | AH72: final | AI72: 0.185
A73: 166 | B73: 2026-09-30 | C73: S3 | D73: voice | E73: 3.799 | F73: 1.194 | G73: 1.197 | H73: 0.003 | I73: instant rule | J73: 0.239 | K73: 1.467 | L73: no | M73: 0.172 | N73: 0.172 | P73: curve | Q73: no | R73: 0.764 | S73: 0.891 | T73: 1 of 19 | U73: 1 | V73: 2.615 | W73: 1.008 | X73: 6.593 | Z73: 33.903 | AA73: 31.4 | AB73: 15.009 | AC73: 21.499 | AD73: 36.508 | AE73: 3 | AF73: 3 | AG73: fresh | AH73: final | AI73: 0.197
A74: 167 | B74: 2026-09-30 | C74: S4 | D74: voice | E74: 1.95 | F74: 1.43 | G74: 1.434 | H74: 0.004 | I74: instant rule | J74: 0.152 | K74: 0.232 | L74: yes | M74: 2.755 | N74: 0 | O74: 32.527 | P74: curve | Q74: yes | R74: 0.696 | S74: 0.116 | T74: 1 of 19 | U74: 1 | V74: 2.585 | W74: 1.037 | X74: 9.365 | Z74: 56.726 | AA74: 51.192 | AB74: 27.741 | AC74: 29.505 | AD74: 57.246 | AE74: 6 | AF74: 6 | AG74: precomputed | AH74: final | AI74: 0.263
A75: 168 | B75: 2026-09-30 | C75: S5 | D75: voice | E75: 17.288 | F75: 0.775 | G75: 0.809 | H75: 0.004 | I75: instant rule | J75: 0.038 | K75: 0.189 | L75: yes | M75: 2.592 | N75: 0 | O75: 3.461 | P75: curve | Q75: yes | R75: 2.697 | S75: 0.107 | T75: 4 of 28 | U75: 1 | V75: 2.588 | W75: 1.033 | X75: 7.202 | Z75: 39.925 | AA75: 49.836 | AB75: 23.106 | AC75: 33.332 | AD75: 56.438 | AE75: 7 | AF75: 7 | AG75: precomputed | AH75: final | AI75: 0.272
A76: 169 | B76: 2026-09-30 | C76: S6 | D76: voice | E76: 12.619 | F76: 1.158 | G76: 0.819 | H76: 0.004 | I76: instant rule | P76: curve | Q76: no | R76: 1.019 | S76: 1.144 | T76: 1 of 20 | U76: 1 | V76: 2.582 | W76: 1.039 | X76: 8.21 | Z76: 66.624 | AA76: 66.829 | AB76: 44.574 | AC76: 33.511 | AD76: 78.085 | AE76: 8 | AF76: 7 | AH76: final | AI76: 0.241
A77: 170 | B77: 2026-09-30 | C77: S6 | D77: voice | E77: 18.52 | F77: 1.221 | G77: 0.781 | H77: 0.004 | I77: instant rule | J77: 0.07 | K77: 0.124 | L77: yes | M77: 2.041 | N77: 0 | O77: 34.179 | P77: curve | Q77: yes | R77: 10.361 | S77: 0.108 | T77: 9 of 24 | U77: 1 | V77: 2.839 | W77: 1.071 | X77: 6.795 | Z77: 23.672 | AA77: 38.81 | AB77: 15.656 | AC77: 25.315 | AD77: 40.971 | AE77: 5 | AF77: 4 | AG77: precomputed | AH77: final | AI77: 0.259
A78: 171 | B78: 2026-09-30 | C78: S7 | D78: voice | E78: 14.874 | F78: 1.141 | G78: 2.289 | H78: 1.1 | I78: language model | AE78: 2 | AF78: 8 | AH78: final | AI78: 0.226
A79: 172 | B79: 2026-09-30 | C79: S1 | D79: voice | F79: 1.245 | AE79: 0 | AF79: 1 | AH79: final | AI79: 0.148
A80: 173 | B80: 2026-09-30 | C80: S2 | D80: voice | F80: 1.114 | AE80: 0 | AF80: 1 | AH80: final | AI80: 1.206
A81: 174 | B81: 2026-09-30 | C81: S3 | D81: voice | E81: 2.314 | F81: 1.275 | G81: 1.279 | H81: 0.004 | I81: instant rule | J81: 0.516 | K81: 0.379 | L81: yes | M81: 1.583 | N81: 0 | O81: 192.778 | P81: curve | Q81: yes | R81: 0.606 | S81: 0.12 | T81: 1 of 34 | U81: 1 | V81: 2.592 | W81: 1.032 | X81: 8.401 | Z81: 34.136 | AA81: 29.625 | AB81: 20.167 | AC81: 15.008 | AD81: 35.175 | AE81: 3 | AF81: 7 | AG81: precomputed | AH81: final | AI81: 1.196
A82: 175 | B82: 2026-10-01 | C82: S1 | D82: voice | F82: 1.204 | AE82: 0 | AF82: 1 | AH82: final | AI82: 0.129
A83: 176 | B83: 2026-10-01 | C83: S2 | D83: voice | F83: 1.279 | AE83: 0 | AF83: 1 | AH83: final | AI83: 0.135
A84: 178 | B84: 2026-10-01 | C84: S4 | D84: voice | E84: 109.268 | F84: 1.267 | G84: 1.276 | H84: 0.009 | I84: instant rule | J84: 107.682 | K84: 0.197 | L84: yes | M84: 1.457 | N84: 0 | O84: 141.814 | P84: curve | Q84: yes | R84: 0.592 | S84: 0.101 | T84: 1 of 28 | U84: 1 | V84: 2.583 | W84: 1.046 | X84: 9.615 | Z84: 29.92 | AA84: 131.656 | AB84: 9.569 | AC84: 128.352 | AD84: 137.921 | AE84: 9 | AF84: 13 | AG84: precomputed | AH84: final | AI84: 0.205
A85: 180 | B85: 2026-10-01 | C85: S4 | D85: voice | E85: 6.839 | F85: 0.926 | H85: 5.559 | I85: language model | J85: 0.169 | K85: 0.12 | L85: yes | M85: 0.836 | N85: 0 | O85: 59.175 | P85: curve | Q85: yes | R85: 0.437 | S85: 0.088 | T85: 1 of 29 | U85: 1 | V85: 2.622 | W85: 1.009 | X85: 11.458 | Z85: 29.26 | AA85: 31.679 | AB85: 11.452 | AC85: 26.707 | AD85: 38.159 | AE85: 2 | AF85: 4 | AG85: precomputed | AH85: final | AI85: 0.241
A86: 181 | B86: 2026-10-01 | C86: S5 | D86: voice | E86: 31.595 | F86: 1.674 | G86: 1.653 | H86: 0.009 | I86: instant rule | J86: 20.416 | K86: 0.284 | L86: yes | M86: 0.776 | N86: 0 | O86: 1347.172 | P86: curve | Q86: no | R86: 0.709 | S86: 0.822 | T86: 1 of 26 | U86: 1 | V86: 2.594 | W86: 1.025 | X86: 10.143 | Z86: 50.13 | AA86: 66.269 | AB86: 36.509 | AC86: 43.542 | AD86: 80.051 | AE86: 7 | AF86: 7 | AG86: precomputed | AH86: final | AI86: 0.254
A87: 182 | B87: 2026-10-01 | C87: S6 | D87: voice | E87: 1.939 | F87: 1.488 | G87: 1.501 | H87: 0.013 | I87: instant rule | J87: 0.191 | K87: 0.134 | L87: yes | M87: 1.125 | N87: 0 | O87: 116.277 | P87: curve | Q87: yes | R87: 1.819 | S87: 0.107 | T87: 2 of 16 | U87: 1 | V87: 2.618 | W87: 1.003 | X87: 7.447 | Z87: 38.271 | AA87: 29.235 | AB87: 25.554 | AC87: 13.168 | AD87: 38.722 | AE87: 5 | AF87: 4 | AG87: precomputed | AH87: final | AI87: 1.253
A88: 183 | B88: 2026-10-01 | C88: S7 | D88: voice | E88: 4.534 | F88: 1.613 | G88: 4.265 | H88: 2.652 | I88: language model | AE88: 0 | AF88: 4 | AH88: final | AI88: 1.162
A89: 184 | B89: 2026-10-01 | C89: S1 | D89: voice | F89: 1.745 | AE89: 0 | AF89: 1 | AH89: final | AI89: 0.961
A90: 177 | B90: 2026-10-01 | C90: S3 | D90: voice | E90: 2.167 | F90: 1.525 | G90: 1.54 | H90: 0.015 | I90: instant rule | J90: 0.307 | K90: 0.209 | L90: yes | M90: 2.864 | N90: 0 | O90: 806.65 | P90: curve | Q90: yes | R90: 0.73 | S90: 0.108 | T90: 1 of 31 | U90: 1 | V90: 2.709 | W90: 0.919 | X90: 5.839 | Z90: 47.391 | AA90: 46.175 | AB90: 27.487 | AC90: 20.546 | AD90: 48.033 | AE90: 5 | AF90: 5 | AG90: precomputed | AH90: final | AI90: 0.271
A91: 186 | B91: 2026-10-01 | C91: S2 | D91: voice | F91: 1.966 | AE91: 3 | AF91: 5 | AH91: final | AI91: 1.142
A92: 187 | B92: 2026-10-01 | C92: S3 | D92: voice | E92: 4.55 | F92: 1.733 | G92: 2.921 | H92: 1.188 | I92: language model | J92: 1.296 | K92: 0.22 | L92: yes | M92: 6.255 | N92: 0 | O92: 348.28 | P92: curve | Q92: yes | R92: 0.713 | S92: 0.107 | T92: 1 of 23 | U92: 1 | V92: 2.637 | W92: 0.984 | X92: 10.477 | Z92: 44.827 | AA92: 33.702 | AB92: 25.299 | AC92: 22.345 | AD92: 47.644 | AE92: 4 | AF92: 5 | AG92: precomputed | AH92: final | AI92: 0.268

Sheet Conversation
A1: Trial ID | B1: Date | C1: t in trial (s) | D1: Who | E1: Text
A2: 086 | B2: 2026-09-28 | C2: 4.584 | D2: You | E2: What do you see on the table?
A3: 086 | B3: 2026-09-28 | C3: 5.974 | D3: Morty | E3: I see a Vitamin C, a tape dispenser, a small bottle, and a Vitamin B12.
A4: 087 | B4: 2026-09-28 | C4: 4.024 | D4: You | E4: Give me the book, Morty.
A5: 087 | B5: 2026-09-28 | C5: 5.266 | D5: Morty | E5: I don't see a book on the table.
A6: 087 | B6: 2026-09-28 | C6: 8.114 | D6: Morty | E6: I see a Vitamin C, a tape dispenser, a small bottle, and a Vitamin B12.
A7: 087 | B7: 2026-09-28 | C7: 13.78 | D7: Morty | E7: Would you like me to pick one of those instead?
A8: 088 | B8: 2026-09-28 | C8: 4.529 | D8: You | E8: Grasp for me the tape dispenser.
A9: 088 | B9: 2026-09-28 | C9: 4.54 | D9: Robot command | E9: pick tape dispenser
A10: 088 | B10: 2026-09-28 | C10: 8.4 | D10: Morty | E10: Starting grasp on the tape dispenser.
A11: 088 | B11: 2026-09-28 | C11: 13.984 | D11: Morty | E11: Got the tape dispenser. Where should I drop it? Left, right, or home?
A12: 088 | B12: 2026-09-28 | C12: 20.882 | D12: You | E12: Drop it on the right side.
A13: 088 | B13: 2026-09-28 | C13: 20.9 | D13: Robot command | E13: drop_right
... A1211: 187 | B1211: 2026-10-01 | C1211: 60.118 | D1211: You | E1211: Okay, what what's lo what's loyal to Hammond?

Sheet VLA instructions
A1: Trial ID | B1: Date | C1: # | D1: Starts at t (s) | E1: Instruction | F1: Said / from | G1: Action | H1: Steps | I1: Superseded
A2: 088 | B2: 2026-09-28 | C2: 1 | D2: 4.4953153 | E2: pick up the tape dispenser | F2: Grasp for me the tape dispenser. | G2: pick | H2: 41–204
A3: 088 | B3: 2026-09-28 | C3: 2 | D3: 20.855315 | E3: drop it on the right side | F3: Drop it on the right side. | G3: drop_right | H3: 205–345
A4: 088 | B4: 2026-09-28 | C4: 3 | D4: 34.943315 | E4: open the gripper | F4: Yes, open the gripper. | G4: open_gripper | H4: 346–435
A5: 088 | B5: 2026-09-28 | C5: 4 | D5: 43.957315 | E5: go back home | F5: Yes, go back home. | G5: go_home | H5: 436–496
A6: 089 | B6: 2026-09-28 | C6: 1 | D6: 11.704996 | E6: pick up the vitamin tube | F6: Grasp for me the vitamin tube. | G6: pick | I6: yes
A7: 089 | B7: 2026-09-28 | C7: 2 | D7: 21.575996 | E7: pick up the leftmost vitamin tube | F7: Leftmost vitamin tube. | G7: pick | H7: 211–345
A8: 089 | B8: 2026-09-28 | C8: 3 | D8: 35.068996 | E8: drop it on the left side | F8: Drop it on the left side. | G8: drop_left | H8: 346–467
A9: 089 | B9: 2026-09-28 | C9: 4 | D9: 47.268996 | E9: open the gripper | F9: Yes, open the gripper, give me the object. | G9: open_gripper | H9: 468–563
A10: 089 | B10: 2026-09-28 | C10: 5 | D10: 56.892996 | E10: go back home | F10: Yes, go back home. | G10: go_home | H10: 564–611
A11: 090 | B11: 2026-09-28 | C11: 1 | D11: 4.325176 | E11: pick up the vitamin tube | F11: Grasp for me the vitamin tube. | G11: pick | H11: 36–257
A12: 090 | B12: 2026-09-28 | C12: 2 | D12: 26.389176 | E12: drop it on the right side | F12: Drop it on the right side. | G12: drop_right | H12: 258–395
A13: 090 | B13: 2026-09-28 | C13: 3 | D13: 40.211176 | E13: open the gripper | F13: Yes, opens the gripper. | G13: open_gripper | H13: 396–475
A14: 090 | B14: 2026-09-28 | C14: 4 | D14: 48.192176 | E14: go back home | F14: Go back home. | G14: go_home | H14: 476–536
A15: 091 | B15: 2026-09-28 | C15: 1 | D15: -0.22581959 | E15: pick up the tape dispenser | F15: (pointing) | G15: pick | H15: 0–276
A16: 091 | B16: 2026-09-28 | C16: 2 | D16: 27.629366 | E16: drop it on the right side | F16: Drop it on the right side. | G16: drop_right | H16: 277–438
A17: 091 | B17: 2026-09-28 | C17: 3 | D17: 43.861366 | E17: open the gripper | F17: Open the gripper, give me the objects and go back home. | G17: open_gripper | H17: 439–525
A18: 094 | B18: 2026-09-28 | C18: 1 | D18: 8.6015775 | E18: pick up the small bottle | F18: Could you slowly bring me the small bottle, please? | G18: pick | H18: 78–320
... A28: 097 | B28: 2026-09-28 | C28: 3 | D28: 42.486123 | E28: open the gripper and go back home | F28: Yes, open the gripper, go back home. | G28: release_home | H28: 423–507
A29: 096 | B29: 2026-09-28 | C29: 1 | D29: 5.0420017 | E29: pick up the vitamin tube | F29: Grasp for me the vitamin tube. | G29: pick | I29: yes
A30: 096 | B30: 2026-09-28 | C30: 2 | D30: 15.172002 | E30: pick up the rightmost vitamin tube | F30: The right most vitamin tube. | G30: pick | H30: 152–272
A31: 096 | B31: 2026-09-28 | C31: 3 | D31: 27.315002 | E31: go back home | F31: Drop it home. | G31: go_home | H31: 273–416
A32: 096 | B32: 2026-09-28 | C32: 4 | D32: 41.684002 | E32: open the gripper | F32: Yes, open the gripper, give me the object. | G32: open_gripper | H32: 417–460
A33: 099 | B33: 2026-09-28 | C33: 1 | D33: 7.7798436 | E33: pick up the small bottle | F33: Can you give me the small bottle? | G33: pick | H33: 78–201
A34: 099 | B34: 2026-09-28 | C34: 2 | D34: 20.229844 | E34: drop it on the right side | F34: Right. | G34: drop_right | H34: 202–308
A35: 099 | B35: 2026-09-28 | C35: 3 | D35: 30.966844 | E35: open the gripper | F35: Yeah. | G35: open_gripper | H35: 309–444
A36: 099 | B36: 2026-09-28 | C36: 4 | D36: 44.482844 | E36: go back home | F36: Let's go back home. | G36: go_home | H36: 445–504
A37: 100 | B37: 2026-09-28 | C37: 1 | D37: 14.21862 | E37: pick up the tape dispenser | F37: I need a tape dispenser. | G37: pick | H37: 142–294
A38: 100 | B38: 2026-09-28 | C38: 2 | D38: 29.54862 | E38: go back home | F38: Home. | G38: go_home | H38: 295–425
A39: 100 | B39: 2026-09-28 | C39: 3 | D39: 42.68362 | E39: open the gripper | F39: Yes. | G39: open_gripper | H39: 426–470
A40: 101 | B40: 2026-09-28 | C40: 1 | D40: 12.228276 | E40: pick up the vitamin tube | F40: Give me the vitamin tube. | G40: pick | I40: yes
A41: 101 | B41: 2026-09-28 | C41: 2 | D41: 29.083277 | E41: pick up the leftmost vitamin tube | F41: Left. | G41: pick | H41: 290–427
A42: 101 | B42: 2026-09-28 | C42: 3 | D42: 42.825277 | E42: drop it on the right side | F42: Uh, right. | G42: drop_right | H42: 428–542
A43: 101 | B43: 2026-09-28 | C43: 4 | D43: 54.305277 | E43: close the gripper | F43: Não. | G43: close_gripper | H43: 543–569
A44: 101 | B44: 2026-09-28 | C44: 5 | D44: 57.031276 | E44: drop it on the left side | F44: No, sorry, go to the left. | G44: drop_left | H44: 570–708
A45: 101 | B45: 2026-09-28 | C45: 6 | D45: 70.957277 | E45: open the gripper | F45: Give it to me. | G45: open_gripper | H45: 709–887
A46: 101 | B46: 2026-09-28 | C46: 7 | D46: 88.850276 | E46: go back home | F46: Go home. | G46: go_home | H46: 888–938
A47: 114 | B47: 2026-09-29 | C47: 1 | D47: 9.9708931 | E47: look to the right | F47: Morty, look at the right side first, then go home. | G47: look_right
A48: 114 | B48: 2026-09-29 | C48: 2 | D48: 9.978893 | E48: go back home | F48: Morty, look at the right side first, then go home. | G48: go_home | H48: 99–289
A49: 114 | B49: 2026-09-29 | C49: 3 | D49: 29.014893 | E49: drop it on the right side | F49: After that, I want you to go to the drop right position. | G49: drop_right | H49: 290–454
A50: 114 | B50: 2026-09-29 | C50: 4 | D50: 45.535893 | E50: go back home | F50: After that, I want you to go back home. | G50: go_home | H50: 455–558
A51: 113 | B51: 2026-09-29 | C51: 1 | D51: 10.190084 | E51: look to the left | F51: Morty, how are you? Can you look at the left side, then go to the drop right side. | G51: look_left | H51: 100–101
A52: 113 | B52: 2026-09-29 | C52: 2 | D52: 10.395083 | E52: drop it on the right side | F52: Morty, how are you? Can you look at the left side, then go to the drop right side. | G52: drop_right | H52: 102–382
A53: 115 | B53: 2026-09-29 | C53: 1 | D53: 1.5148191 | E53: pick up the small bottle | F53: (pointing) | G53: pick | I53: yes
A54: 115 | B54: 2026-09-29 | C54: 2 | D54: 14.313356 | E54: pick up the small bottle | F54: Yes, grasp a small bottle for me. | G54: pick | H54: 143–408
A55: 115 | B55: 2026-09-29 | C55: 3 | D55: 40.886356 | E55: drop it on the right side, hand it over and go back home | F55: Give it me on the right side and go back home after that. | G55: confirm_drop | H55: 409–564
A56: 118 | B56: 2026-09-29 | C56: 1 | D56: 10.088266 | E56: pick up the tape dispenser and put it on drop_right | F56: Pick up the tape dispenser and put it on the right side. | G56: pick_and_place | H56: 101–322
A57: 118 | B57: 2026-09-29 | C57: 2 | D57: 32.270266 | E57: open the gripper and go back home | F57: Yes, open the gripper. Give me the object and go back home. | G57: release_home | H57: 323–409
A58: 119 | B58: 2026-09-29 | C58: 1 | D58: 19.625076 | E58: pick up the rightmost vitamin tube | F58: The right most vitamin tube. | G58: pick | H58: 196–370
A59: 119 | B59: 2026-09-29 | C59: 2 | D59: 37.056076 | E59: drop it on the right side | F59: Drop it on the right side. | G59: drop_right | H59: 371–499
A60: 119 | B60: 2026-09-29 | C60: 3 | D60: 50.036076 | E60: open the gripper | F60: Yes. | G60: open_gripper | H60: 500–579
A61: 119 | B61: 2026-09-29 | C61: 4 | D61: 57.947076 | E61: go back home | F61: Go back home. | G61: go_home | H61: 580–637
A62: 120 | B62: 2026-09-29 | C62: 1 | D62: 4.4297369 | E62: pick up the vitamin tube | F62: Pick for me the vitamin tube. | G62: pick | H62: 44–414
A63: 120 | B63: 2026-09-29 | C63: 2 | D63: 41.531737 | E63: drop it on the right side | F63: Drop it on the right side. | G63: drop_right | H63: 415–550
A64: 120 | B64: 2026-09-29 | C64: 3 | D64: 55.096737 | E64: open the gripper and go back home | F64: Give me the object and go back home. | G64: release_home | H64: 551–639
A65: 121 | B65: 2026-09-29 | C65: 1 | D65: -0.1545496 | E65: pick up the vitamin tube | F65: (pointing) | G65: pick | H65: 0–187
... A73: 122 | B73: 2026-09-29 | C73: 3 | D73: 42.690954 | E73: go back home | F73: Now go back home. | G73: go_home | H73: 427–518
A74: 126 | B74: 2026-09-29 | C74: 1 | D74: 6.8038316 | E74: pick up the vitamin tube | F74: Morty, give me the vitamin tube. | G74: pick | I74: yes
A75: 126 | B75: 2026-09-29 | C75: 2 | D75: 28.879832 | E75: pick up the red vitamin tube | F75: No, no, I mean it have red. Color. | G75: pick | H75: 289–456
A76: 126 | B76: 2026-09-29 | C76: 3 | D76: 45.706831 | E76: drop it on the left side | F76: Drop it on the left side. | G76: drop_left | H76: 457–556
A77: 126 | B77: 2026-09-29 | C77: 4 | D77: 55.697832 | E77: go back home | F77: I changed my mind. Go to the back to the home position. | G77: go_home | H77: 557–693
A78: 126 | B78: 2026-09-29 | C78: 5 | D78: 69.337831 | E78: drop it on the right side | F78: No, no, don't open it. Go to the drop right. | G78: drop_right | H78: 694–855
A79: 126 | B79: 2026-09-29 | C79: 6 | D79: 85.540832 | E79: open the gripper | F79: Yes, open the gripper, give me the objects and go back home. | G79: open_gripper | H79: 856–942
A80: 127 | B80: 2026-09-29 | C80: 1 | D80: 4.9638655 | E80: pick up the vitamin tube | F80: (pointing) | G80: pick | I80: yes
A81: 127 | B81: 2026-09-29 | C81: 2 | D81: 5.0654171 | E81: pick up the vitamin tube | F81: Give me the vitamin tube. | G81: pick | H81: 50–314
A82: 127 | B82: 2026-09-29 | C82: 3 | D82: 31.549417 | E82: drop it on the left side | F82: That was correct. Now, give me that drop left side. | G82: confirm_drop | H82: 315–402
A83: 127 | B83: 2026-09-29 | C83: 4 | D83: 40.374417 | E83: go back home | F83: You know what, I changed my mind, go back to the home position. | G83: go_home | H83: 403–454
A84: 127 | B84: 2026-09-29 | C84: 5 | D84: 45.573417 | E84: open the gripper | F84: Now give me the object. | G84: open_gripper | H84: 455–501
A85: 128 | B85: 2026-09-29 | C85: 1 | D85: 3.3535604 | E85: pick up the vitamin tube | F85: (pointing) | G85: pick | H85: 33–446
A86: 128 | B86: 2026-09-29 | C86: 2 | D86: 44.715314 | E86: drop it on the left side | F86: Drop it on the left side. | G86: drop_left | H86: 447–512
A87: 128 | B87: 2026-09-29 | C87: 3 | D87: 51.368314 | E87: drop it on the right side | F87: No, I changed my mind. Go to the drop right. | G87: drop_right | H87: 513–608
A88: 128 | B88: 2026-09-29 | C88: 4 | D88: 60.960314 | E88: open the gripper and go back home | F88: Now give me the object and go back home. | G88: release_home | H88: 609–697
A89: 129 | B89: 2026-09-29 | C89: 1 | D89: 8.1784034 | E89: drop it on the right side | F89: Now go to the drop right. While you are doing that, tell me a good story. | G89: drop_right | H89: 82–337
A90: 129 | B90: 2026-09-29 | C90: 2 | D90: 33.804403 | E90: go back home | F90: You know enough, enough. I am got enough from you. Go back home and then, do the drop left. | G90: go_home | H90: 338–338
A91: 129 | B91: 2026-09-29 | C91: 3 | D91: 33.861403 | E91: drop it on the left side | F91: You know enough, enough. I am got enough from you. Go back home and then, do the drop left. | G91: drop_left | H91: 339–565
A92: 129 | B92: 2026-09-29 | C92: 4 | D92: 56.583403 | E92: look to the left | F92: No, I said like look at the left side. | G92: look_left | H92: 566–674
... A103: 135 | B103: 2026-09-30 | C103: 4 | D103: 57.431838 | E103: open the gripper | F103: Yes, give me the object. | G103: open_gripper | H103: 572–617
A104: 136 | B104: 2026-09-30 | C104: 1 | D104: 4.7128165 | E104: pick up the vitamin tube | F104: Give me a vitamin tube. | G104: pick | I104: yes
A105: 136 | B105: 2026-09-30 | C105: 2 | D105: 40.279816 | E105: pick up the leftmost vitamin tube | F105: The left one. I didn't leave the room. | G105: pick | H105: 403–537
A106: 136 | B106: 2026-09-30 | C106: 3 | D106: 53.792816 | E106: drop it on the left side | F106: Drop it on the left side. | G106: drop_left | H106: 538–596
A107: 136 | B107: 2026-09-30 | C107: 4 | D107: 59.679816 | E107: go back home | F107: Or you know, I want it on the home. | G107: go_home | H107: 597–657
A108: 136 | B108: 2026-09-30 | C108: 5 | D108: 65.861816 | E108: open the gripper | F108: Now give me the. | G108: open_gripper | H108: 658–703
A109: 137 | B109: 2026-09-30 | C109: 1 | D109: 0.17119884 | E109: pick up the small bottle | F109: (pointing) | G109: pick | H109: 2–419
A110: 137 | B110: 2026-09-30 | C110: 2 | D110: 41.980117 | E110: go back home | F110: I don't know where is home, but you can go first to home. | G110: go_home | H110: 420–630
A111: 137 | B111: 2026-09-30 | C111: 3 | D111: 63.081117 | E111: close the gripper | F111: No, don't open the gripper. Where is your right position? Show me where is your right position. | G111: close_gripper | H111: 631–631
A112: 137 | B112: 2026-09-30 | C112: 4 | D112: 63.153117 | E112: drop it on the right side | F112: No, don't open the gripper. Where is your right position? Show me where is your right position. | G112: drop_right | H112: 632–728
A113: 137 | B113: 2026-09-30 | C113: 5 | D113: 72.913117 | E113: open the gripper | F113: Here here, you can't open the gripper here. | G113: open_gripper | H113: 729–830
A114: 137 | B114: 2026-09-30 | C114: 6 | D114: 83.046117 | E114: go back home | F114: Hm. Yeah, you can go back home. | G114: go_home | H114: 831–890
A115: 138 | B115: 2026-09-30 | C115: 1 | D115: 43.001274 | E115: look to the left | F115: to the left side first and let's see where is that | G115: look_left | H115: 430–470
A116: 138 | B116: 2026-09-30 | C116: 2 | D116: 53.003851 | E116: look to the right | F116: Now look at the right. | G116: look_right | H116: 530–570
... A154: 158 | B154: 2026-09-30 | C154: 2 | D154: 19.884106 | E154: go back home | F154: Drop it home. | G154: go_home | H154: 195–424
A155: 158 | B155: 2026-09-30 | C155: 3 | D155: 42.839106 | E155: close the gripper | F155: No. | G155: close_gripper
A156: 158 | B156: 2026-09-30 | C156: 4 | D156: 42.839106 | E156: drop it on the right side | F156: Go to the drop right. | G156: drop_right | H156: 425–590
A157: 158 | B157: 2026-09-30 | C157: 5 | D157: 59.418106 | E157: open the gripper and go back home | F157: Yes, give me the objects and go back home. | G157: release_home | H157: 591–670
A158: 159 | B158: 2026-09-30 | C158: 1 | D158: 10.274954 | E158: pick up the rightmost vitamin tube | F158: Give me the vitamin tube that on the right side. | G158: pick | H158: 103–370
A159: 159 | B159: 2026-09-30 | C159: 2 | D159: 37.090954 | E159: drop it on the left side | F159: Drop it on the left. | G159: drop_left | H159: 371–478
A160: 159 | B160: 2026-09-30 | C160: 3 | D160: 47.812953 | E160: open the gripper | F160: Yes. | G160: open_gripper | H160: 479–560
A161: 159 | B161: 2026-09-30 | C161: 4 | D161: 56.056953 | E161: go back home | F161: Yes, go back home. | G161: go_home | H161: 561–604
A162: 160 | B162: 2026-09-30 | C162: 1 | D162: 19.532172 | E162: pick up the rightmost vitamin tube | F162: Yes, grasps what I pointed at it. | G162: pick | H162: 101–342
A163: 160 | B163: 2026-09-30 | C163: 2 | D163: 34.269172 | E163: drop it on the right side, hand it over and go back home | F163: Drop it on the right side. Give me the object, then go back home. | G163: drop_right_release_home | H163: 343–475
...

Sheet Summary
A1: MMHRI experiments — summary per scenario
A2: Formulas over the Experiments sheet (9 trials). Success rate = Full Task Success yes / (yes + no); averages ignore empty cells.
A4: Scenario ID | B4: Scenario | C4: Trials | D4: Full task success: yes | E4: Full task success: no | F4: Success rate | G4: Grasp success: yes | H4: Avg Interaction Time (s) | I4: Avg total time (s) | J4: Avg robot time (s) | K4: Avg waiting for your answers (s)
A5: S1 | B5: Available objects — no physical action | C5: =COUNTIFS(Experiments!$E$2:$E$5000,$A5) -> 14 | D5: =COUNTIFS(Experiments!$E$2:$E$5000,$A5,Experiments!$Q$2:$Q$5000,"yes") -> 3 | E5: =COUNTIFS(Experiments!$E$2:$E$5000,$A5,Experiments!$Q$2:$Q$5000,"no") -> 0 | F5: =IF(D5+E5=0,"",D5/(D5+E5)) -> 1 | G5: =COUNTIFS(Experiments!$E$2:$E$5000,$A5,Experiments!$O$2:$O$5000,"yes") -> 1 | H5: =IF(COUNTIFS(Experiments!$E$2:$E$5000,$A5,Experiments!$R$2:$R$5000,"<>")=0,"",AVERAGEIFS(Experiments!$R$2:$R$5000,Experiments!$E$2:$E$5000,$A5)) -> 4.319 | I5: =IF(COUNTIFS(Experiments!$E$2:$E$5000,$A5,Experiments!$S$2:$S$5000,"<>")=0,"",AVERAGEIFS(Experiments!$S$2:$S$5000,Experiments!$E$2:$E$5000,$A5)) -> 31.686 | J5: =IF(COUNTIFS(Experiments!$E$2:$E$5000,$A5,Experiments!$AC$2:$AC$5000,"<>")=0,"",AVERAGEIFS(Experiments!$AC$2:$AC$5000,Experiments!$E$2:$E$5000,$A5)) -> 21.043 | K5: =IF(COUNTIFS(Experiments!$E$2:$E$5000,$A5,Experiments!$AB$2:$AB$5000,"<>")=0,"",AVERAGEIFS(Experiments!$AB$2:$AB$5000,Experiments!$E$2:$E$5000,$A5)) -> 10.643
A6: S2 | B6: Object NOT in scene ('give me the book') | C6: =COUNTIFS(Experiments!$E$2:$E$5000,$A6) -> 13 | D6: =COUNTIFS(Experiments!$E$2:$E$5000,$A6,Experiments!$Q$2:$Q$5000,"yes") -> 3 | E6: =COUNTIFS(Experiments!$E$2:$E$5000,$A6,Experiments!$Q$2:$Q$5000,"no") -> 0 | F6: =IF(D6+E6=0,"",D6/(D6+E6)) -> 1 | G6: =COUNTIFS(Experiments!$E$2:$E$5000,$A6,Experiments!$O$2:$O$5000,"yes") -> 0 | H6: =IF(COUNTIFS(Experiments!$E$2:$E$5000,$A6,Experiments!$R$2:$R$5000,"<>")=0,"",AVERAGEIFS(Experiments!$R$2:$R$5000,Experiments!$E$2:$E$5000,$A6)) | I6: =IF(COUNTIFS(Experiments!$E$2:$E$5000,$A6,Experiments!$S$2:$S$5000,"<>")=0,"",AVERAGEIFS(Experiments!$S$2:$S$5000,Experiments!$E$2:$E$5000,$A6)) | J6: =IF(COUNTIFS(Experiments!$E$2:$E$5000,$A6,Experiments!$AC$2:$AC$5000,"<>")=0,"",AVERAGEIFS(Experiments!$AC$2:$AC$5000,Experiments!$E$2:$E$5000,$A6)) | K6: =IF(COUNTIFS(Experiments!$E$2:$E$5000,$A6,Experiments!$AB$2:$AB$5000,"<>")=0,"",AVERAGEIFS(Experiments!$AB$2:$AB$5000,Experiments!$E$2:$E$5000,$A6))
A7: S3 | B7: One of a kind among others — ask for it | C7: =COUNTIFS(Experiments!$E$2:$E$5000,$A7) -> 14 | D7: =COUNTIFS(Experiments!$E$2:$E$5000,$A7,Experiments!$Q$2:$Q$5000,"yes") -> 13 | E7: =COUNTIFS(Experiments!$E$2:$E$5000,$A7,Experiments!$Q$2:$Q$5000,"no") -> 0 | F7: =IF(D7+E7=0,"",D7/(D7+E7)) -> 1 | G7: =COUNTIFS(Experiments!$E$2:$E$5000,$A7,Experiments!$O$2:$O$5000,"yes") -> 13 | H7: =IF(COUNTIFS(Experiments!$E$2:$E$5000,$A7,Experiments!$R$2:$R$5000,"<>")=0,"",AVERAGEIFS(Experiments!$R$2:$R$5000,Experiments!$E$2:$E$5000,$A7)) -> 3.8955 | I7: =IF(COUNTIFS(Experiments!$E$2:$E$5000,$A7,Experiments!$S$2:$S$5000,"<>")=0,"",AVERAGEIFS(Experiments!$S$2:$S$5000,Experiments!$E$2:$E$5000,$A7)) -> 41.264643 | J7: =IF(COUNTIFS(Experiments!$E$2:$E$5000,$A7,Experiments!$AC$2:$AC$5000,"<>")=0,"",AVERAGEIFS(Experiments!$AC$2:$AC$5000,Experiments!$E$2:$E$5000,$A7)) -> 20.617071 | K7: =IF(COUNTIFS(Experiments!$E$2:$E$5000,$A7,Experiments!$AB$2:$AB$5000,"<>")=0,"",AVERAGEIFS(Experiments!$AB$2:$AB$5000,Experiments!$E$2:$E$5000,$A7)) -> 20.647571
A8: S4 | B8: Two same kind — clarify by words (left/right/colour) | C8: =COUNTIFS(Experiments!$E$2:$E$5000,$A8) -> 13 | D8: =COUNTIFS(Experiments!$E$2:$E$5000,$A8,Experiments!$Q$2:$Q$5000,"yes") -> 13 | E8: =COUNTIFS(Experiments!$E$2:$E$5000,$A8,Experiments!$Q$2:$Q$5000,"no") -> 0 | F8: =IF(D8+E8=0,"",D8/(D8+E8)) -> 1 | G8: =COUNTIFS(Experiments!$E$2:$E$5000,$A8,Experiments!$O$2:$O$5000,"yes") -> 12 | H8: =IF(COUNTIFS(Experiments!$E$2:$E$5000,$A8,Experiments!$R$2:$R$5000,"<>")=0,"",AVERAGEIFS(Experiments!$R$2:$R$5000,Experiments!$E$2:$E$5000,$A8)) -> 24.494692 | I8: =IF(COUNTIFS(Experiments!$E$2:$E$5000,$A8,Experiments!$S$2:$S$5000,"<>")=0,"",AVERAGEIFS(Experiments!$S$2:$S$5000,Experiments!$E$2:$E$5000,$A8)) -> 64.567538 | J8: =IF(COUNTIFS(Experiments!$E$2:$E$5000,$A8,Experiments!$AC$2:$AC$5000,"<>")=0,"",AVERAGEIFS(Experiments!$AC$2:$AC$5000,Experiments!$E$2:$E$5000,$A8)) -> 43.084154 | K8: =IF(COUNTIFS(Experiments!$E$2:$E$5000,$A8,Experiments!$AB$2:$AB$5000,"<>")=0,"",AVERAGEIFS(Experiments!$AB$2:$AB$5000,Experiments!$E$2:$E$5000,$A8)) -> 21.483385
A9: S5 | B9: Two same kind — clarify by pointing | C9: =COUNTIFS(Experiments!$E$2:$E$5000,$A9) -> 11 | D9: =COUNTIFS(Experiments!$E$2:$E$5000,$A9,Experiments!$Q$2:$Q$5000,"yes") -> 11 | E9: =COUNTIFS(Experiments!$E$2:$E$5000,$A9,Experiments!$Q$2:$Q$5000,"no") -> 0 | F9: =IF(D9+E9=0,"",D9/(D9+E9)) -> 1 | G9: =COUNTIFS(Experiments!$E$2:$E$5000,$A9,Experiments!$O$2:$O$5000,"yes") -> 11 | H9: =IF(COUNTIFS(Experiments!$E$2:$E$5000,$A9,Experiments!$R$2:$R$5000,"<>")=0,"",AVERAGEIFS(Experiments!$R$2:$R$5000,Experiments!$E$2:$E$5000,$A9)) -> 23.086 | I9: =IF(COUNTIFS(Experiments!$E$2:$E$5000,$A9,Experiments!$S$2:$S$5000,"<>")=0,"",AVERAGEIFS(Experiments!$S$2:$S$5000,Experiments!$E$2:$E$5000,$A9)) -> 58.196636 | J9: =IF(COUNTIFS(Experiments!$E$2:$E$5000,$A9,Experiments!$AC$2:$AC$5000,"<>")=0,"",AVERAGEIFS(Experiments!$AC$2:$AC$5000,Experiments!$E$2:$E$5000,$A9)) -> 32.576818 | K9: =IF(COUNTIFS(Experiments!$E$2:$E$5000,$A9,Experiments!$AB$2:$AB$5000,"<>")=0,"",AVERAGEIFS(Experiments!$AB$2:$AB$5000,Experiments!$E$2:$E$5000,$A9)) -> 25.619818
A10: S6 | B10: Pointing only (with confirmation) | C10: =COUNTIFS(Experiments!$E$2:$E$5000,$A10) -> 12 | D10: =COUNTIFS(Experiments!$E$2:$E$5000,$A10,Experiments!$Q$2:$Q$5000,"yes") -> 12 | E10: =COUNTIFS(Experiments!$E$2:$E$5000,$A10,Experiments!$Q$2:$Q$5000,"no") -> 0 | F10: =IF(D10+E10=0,"",D10/(D10+E10)) -> 1 | G10: =COUNTIFS(Experiments!$E$2:$E$5000,$A10,Experiments!$O$2:$O$5000,"yes") -> 12 | H10: =IF(COUNTIFS(Experiments!$E$2:$E$5000,$A10,Experiments!$R$2:$R$5000,"<>")=0,"",AVERAGEIFS(Experiments!$R$2:$R$5000,Experiments!$E$2:$E$5000,$A10)) -> 10.940417 | I10: =IF(COUNTIFS(Experiments!$E$2:$E$5000,$A10,Experiments!$S$2:$S$5000,"<>")=0,"",AVERAGEIFS(Experiments!$S$2:$S$5000,Experiments!$E$2:$E$5000,$A10)) -> 52.521667 | J10: =IF(COUNTIFS(Experiments!$E$2:$E$5000,$A10,Experiments!$AC$2:$AC$5000,"<>")=0,"",AVERAGEIFS(Experiments!$AC$2:$AC$5000,Experiments!$E$2:$E$5000,$A10)) -> 19.764833 | K10: =IF(COUNTIFS(Experiments!$E$2:$E$5000,$A10,Experiments!$AB$2:$AB$5000,"<>")=0,"",AVERAGEIFS(Experiments!$AB$2:$AB$5000,Experiments!$E$2:$E$5000,$A10)) -> 32.756833
A11: S7 | B11: Moving without grasping | C11: =COUNTIFS(Experiments!$E$2:$E$5000,$A11) -> 11 | D11: =COUNTIFS(Experiments!$E$2:$E$5000,$A11,Experiments!$Q$2:$Q$5000,"yes") -> 3 | E11: =COUNTIFS(Experiments!$E$2:$E$5000,$A11,Experiments!$Q$2:$Q$5000,"no") -> 0 | F11: =IF(D11+E11=0,"",D11/(D11+E11)) -> 1 | G11: =COUNTIFS(Experiments!$E$2:$E$5000,$A11,Experiments!$O$2:$O$5000,"yes") -> 0 | H11: =IF(COUNTIFS(Experiments!$E$2:$E$5000,$A11,Experiments!$R$2:$R$5000,"<>")=0,"",AVERAGEIFS(Experiments!$R$2:$R$5000,Experiments!$E$2:$E$5000,$A11)) -> 8.6402727 | I11: =IF(COUNTIFS(Experiments!$E$2:$E$5000,$A11,Experiments!$S$2:$S$5000,"<>")=0,"",AVERAGEIFS(Experiments!$S$2:$S$5000,Experiments!$E$2:$E$5000,$A11)) | J11: =IF(COUNTIFS(Experiments!$E$2:$E$5000,$A11,Experiments!$AC$2:$AC$5000,"<>")=0,"",AVERAGEIFS(Experiments!$AC$2:$AC$5000,Experiments!$E$2:$E$5000,$A11)) | K11: =IF(COUNTIFS(Experiments!$E$2:$E$5000,$A11,Experiments!$AB$2:$AB$5000,"<>")=0,"",AVERAGEIFS(Experiments!$AB$2:$AB$5000,Experiments!$E$2:$E$5000,$A11))
A12: All | C12: =SUM(C5:C11) -> 88 | D12: =SUM(D5:D11) -> 58 | E12: =SUM(E5:E11) -> 0 | F12: =IF(D12+E12=0,"",D12/(D12+E12)) -> 1 | G12: =SUM(G5:G11) -> 49 | H12: =IF(COUNT(Experiments!$R$2:$R$5000)=0,"",AVERAGE(Experiments!$R$2:$R$5000)) -> 13.831629 | I12: =IF(COUNT(Experiments!$S$2:$S$5000)=0,"",AVERAGE(Experiments!$S$2:$S$5000)) -> 53.31749 | J12: =IF(COUNT(Experiments!$AC$2:$AC$5000)=0,"",AVERAGE(Experiments!$AC$2:$AC$5000)) -> 28.731353 | K12: =IF(COUNT(Experiments!$AB$2:$AB$5000)=0,"",AVERAGE(Experiments!$AB$2:$AB$5000)) -> 24.586137
A14: Trials per scenario and layout
A15: Scenario ID | B15: Layout A
A16: S1 | B16: =COUNTIFS(Experiments!$E$2:$E$5000,$A16,Experiments!$D$2:$D$5000,"Layout A") -> 6
A17: S2 | B17: =COUNTIFS(Experiments!$E$2:$E$5000,$A17,Experiments!$D$2:$D$5000,"Layout A") -> 5
A18: S3 | B18: =COUNTIFS(Experiments!$E$2:$E$5000,$A18,Experiments!$D$2:$D$5000,"Layout A") -> 7
A19: S4 | B19: =COUNTIFS(Experiments!$E$2:$E$5000,$A19,Experiments!$D$2:$D$5000,"Layout A") -> 7
A20: S5 | B20: =COUNTIFS(Experiments!$E$2:$E$5000,$A20,Experiments!$D$2:$D$5000,"Layout A") -> 6
A21: S6 | B21: =COUNTIFS(Experiments!$E$2:$E$5000,$A21,Experiments!$D$2:$D$5000,"Layout A") -> 5
A22: S7 | B22: =COUNTIFS(Experiments!$E$2:$E$5000,$A22,Experiments!$D$2:$D$5000,"Layout A") -> 5

Sheet Definitions
A1: Column / item | B1: Meaning
A2: Where the data comes from | B2: Every sheet is rebuilt from the trial folders (trial.json, timeline.json, meta.json) each time the window sends. Edit a trial in the MMHRI window (or its trial.json), not in these sheets — your edits here would be replaced. Sheets you add yourself are kept.
A3: Interaction Time (s) | B3: The experiment doc's definition: from the moment the command was GIVEN (you stopped saying it; for a pick started by pointing, the moment the object was chosen) until the arm STARTS MOVING. Includes speech recognition, understanding, any clarification ('which one?'), choosing the object and planning.
A4: Total Time (s) | B4: From the first command (or the pointing choice) to the end of the robot's cycle (back home).
A5: Started by | B5: voice = the task began with a spoken command; pointing/click = the object was chosen by pointing or a click before anything was said.
A6: End of your voice → transcript (s) | B6: The end-of-speech wait (0.5-0.8 s, to be sure you finished) plus speech recognition.
A7: You stopped speaking → command (s) | B7: The end of the operator's voice → the robot command for that sentence.
A8: Understanding: transcript → command (s) | B8: The accepted transcript that caused the command → the command.
A9: Understood by | B9: instant rule = the fixed phrase layer (about 0.01 s); language model = Claude (about 1 s).
A10: Command → object chosen, incl. clarification (s) | B10: The first command → the pipeline committing the object. Includes a clarification dialogue ('which one?') or the pointing, and handing the object's name to the pipeline.
A11: Object chosen → grasp candidates (s) | B11: The committed choice → grasp candidates published (capture, segmentation, the stored-grasp lookup, or GraspGen when nothing was stored).
A12: GraspGen in background? | B12: yes = GraspGen had already computed this object's grasps before the command (precompute); no = it ran after the command, and the operator waited for it.
... A26: Summary: success rate | B26: Full Task Success = yes divided by (yes + no); trials without a verdict are not counted.

Sheet _trials
A1: trial folder
A2: /home/deep/morty_ws/experiments/experiments_28_09_2026/trial_086_LA_S1
A3: /home/deep/morty_ws/experiments/experiments_28_09_2026/trial_087_LA_S2
A4: /home/deep/morty_ws/experiments/experiments_28_09_2026/trial_088_LA_S3
A5: /home/deep/morty_ws/experiments/experiments_28_09_2026/trial_089_LA_S4
A6: /home/deep/morty_ws/experiments/experiments_28_09_2026/trial_090_LA_S5
A7: /home/deep/morty_ws/experiments/experiments_28_09_2026/trial_091_LA_S6
A8: /home/deep/morty_ws/experiments/experiments_28_09_2026/trial_092_LA_S1
A9: /home/deep/morty_ws/experiments/experiments_28_09_2026/trial_093_LA_S2
A10: /home/deep/morty_ws/experiments/experiments_28_09_2026/trial_094_LA_S3
A11: /home/deep/morty_ws/experiments/experiments_28_09_2026/trial_095_LA_S3
A12: /home/deep/morty_ws/experiments/experiments_28_09_2026/trial_097_LA_S5
... A91: /home/deep/morty_ws/experiments/experiments_01_10_2026/trial_187_LA_S3
